Workbook

Sheet مرتبات
A1: مارس 2025
B2: الشهر | D2: 45717
A3: م | B3: الاسماء / Name | D3: صافي الاتعاب والمرتبات / Salary | E3: إضافات غير مباشرة / In direct additions | F3: إضافات مباشرة / Direct Additions | G3: زيادة سنوية / Yearly Increase | H3: علاوات / Bouns | I3: خصومات / Deductions | J3: الإجمالي قبل الخصم GROSS | K3: الصافى بعد الخصم أو الزيادة NET | M3: طريقة الدفع | N3: رقم الحساب | O3: ملحوظات | P3: تحويل/شيك
A4: 1 | B4: د/هانى صلاح الدين محمد سري الدين | D4: 0 | E4: =HYPERLINK(اضافات!N4) -> 1422 | F4: =HYPERLINK(اضافات!M4) -> 0 | G4: =HYPERLINK(اضافات!F4) -> 0 | H4: =HYPERLINK(اضافات!O4) -> 0 | I4: =HYPERLINK(خصومات!L4) -> 0 | J4: =SUM(D4,VALUE(E4),VALUE(F4),VALUE(G4)) -> 1422 | K4: =VALUE(D4)+VALUE(G4)+VALUE(H4)-VALUE(I4) -> 0
A5: 2 | B5: أ/أميرة محمد على شريف | D5: 500000 | E5: =HYPERLINK(اضافات!N5) -> 159776 | F5: =HYPERLINK(اضافات!M5) -> 1000 | G5: =HYPERLINK(اضافات!F5) -> 0 | H5: =HYPERLINK(اضافات!O5) -> 0 | I5: =HYPERLINK(خصومات!L5) -> 0 | J5: =SUM(D5,VALUE(E5),VALUE(F5),VALUE(G5)) -> 660776 | K5: =VALUE(D5)+VALUE(G5)+VALUE(H5)-VALUE(I5) -> 500000
A6: 3 | B6: أ/إيهاب حمدى ابراهيم | D6: 120000 | E6: =HYPERLINK(اضافات!N6) -> 36049 | F6: =HYPERLINK(اضافات!M6) -> 475 | G6: =HYPERLINK(اضافات!F6) -> 0 | H6: =HYPERLINK(اضافات!O6) -> 0 | I6: =HYPERLINK(خصومات!L6) -> 1314 | J6: =SUM(D6,VALUE(E6),VALUE(F6),VALUE(G6)) -> 156524 | K6: =VALUE(D6)+VALUE(G6)+VALUE(H6)-VALUE(I6) -> 118686
B7: Spare | D7: 0 | E7: =HYPERLINK(اضافات!N7) -> 0 | F7: =HYPERLINK(اضافات!M7) -> 0 | G7: =HYPERLINK(اضافات!F7) -> 0 | H7: =HYPERLINK(اضافات!O7) -> 0 | I7: =HYPERLINK(خصومات!L7) -> 0 | J7: =SUM(D7,VALUE(E7),VALUE(F7),VALUE(G7)) -> 0 | K7: =VALUE(D7)+VALUE(G7)+VALUE(H7)-VALUE(I7) -> 0
B8: Spare | D8: 0 | E8: =HYPERLINK(اضافات!N8) -> 0 | F8: =HYPERLINK(اضافات!M8) -> 0 | G8: =HYPERLINK(اضافات!F8) -> 0 | H8: =HYPERLINK(اضافات!O8) -> 0 | I8: =HYPERLINK(خصومات!L8) -> 0 | J8: =SUM(D8,VALUE(E8),VALUE(F8),VALUE(G8)) -> 0 | K8: =VALUE(D8)+VALUE(G8)+VALUE(H8)-VALUE(I8) -> 0
B9: Spare | D9: 0 | E9: =HYPERLINK(اضافات!N9) -> 0 | F9: =HYPERLINK(اضافات!M9) -> 0 | G9: =HYPERLINK(اضافات!F9) -> 0 | H9: =HYPERLINK(اضافات!O9) -> 0 | I9: =HYPERLINK(خصومات!L9) -> 0 | J9: =SUM(D9,VALUE(E9),VALUE(F9),VALUE(G9)) -> 0 | K9: =VALUE(D9)+VALUE(G9)+VALUE(H9)-VALUE(I9) -> 0
B10: Spare | D10: 0 | E10: =HYPERLINK(اضافات!N10) -> 0 | F10: =HYPERLINK(اضافات!M10) -> 0 | G10: =HYPERLINK(اضافات!F10) -> 0 | H10: =HYPERLINK(اضافات!O10) -> 0 | I10: =HYPERLINK(خصومات!L10) -> 0 | J10: =SUM(D10,VALUE(E10),VALUE(F10),VALUE(G10)) -> 0 | K10: =VALUE(D10)+VALUE(G10)+VALUE(H10)-VALUE(I10) -> 0
B11: Spare | D11: 0 | E11: =HYPERLINK(اضافات!N11) -> 0 | F11: =HYPERLINK(اضافات!M11) -> 0 | G11: =HYPERLINK(اضافات!F11) -> 0 | H11: =HYPERLINK(اضافات!O11) -> 0 | I11: =HYPERLINK(خصومات!L11) -> 0 | J11: =SUM(D11,VALUE(E11),VALUE(F11),VALUE(G11)) -> 0 | K11: =VALUE(D11)+VALUE(G11)+VALUE(H11)-VALUE(I11) -> 0
B12: Spare | D12: 0 | E12: =HYPERLINK(اضافات!N12) -> 0 | F12: =HYPERLINK(اضافات!M12) -> 0 | G12: =HYPERLINK(اضافات!F12) -> 0 | H12: =HYPERLINK(اضافات!O12) -> 0 | I12: =HYPERLINK(خصومات!L12) -> 0 | J12: =SUM(D12,VALUE(E12),VALUE(F12),VALUE(G12)) -> 0 | K12: =VALUE(D12)+VALUE(G12)+VALUE(H12)-VALUE(I12) -> 0
B13: Spare | D13: 0 | E13: =HYPERLINK(اضافات!N13) -> 0 | F13: =HYPERLINK(اضافات!M13) -> 0 | G13: =HYPERLINK(اضافات!F13) -> 0 | H13: =HYPERLINK(اضافات!O13) -> 0 | I13: =HYPERLINK(خصومات!L13) -> 0 | J13: =SUM(D13,VALUE(E13),VALUE(F13),VALUE(G13)) -> 0 | K13: =VALUE(D13)+VALUE(G13)+VALUE(H13)-VALUE(I13) -> 0
B14: Spare | D14: 0 | E14: =HYPERLINK(اضافات!N14) -> 0 | F14: =HYPERLINK(اضافات!M14) -> 0 | G14: =HYPERLINK(اضافات!F14) -> 0 | H14: =HYPERLINK(اضافات!O14) -> 0 | I14: =HYPERLINK(خصومات!L14) -> 0 | J14: =SUM(D14,VALUE(E14),VALUE(F14),VALUE(G14)) -> 0 | K14: =VALUE(D14)+VALUE(G14)+VALUE(H14)-VALUE(I14) -> 0
B15: Spare | D15: 0 | E15: =HYPERLINK(اضافات!N15) -> 0 | F15: =HYPERLINK(اضافات!M15) -> 0 | G15: =HYPERLINK(اضافات!F15) -> 0 | H15: =HYPERLINK(اضافات!O15) -> 0 | I15: =HYPERLINK(خصومات!L15) -> 0 | J15: =SUM(D15,VALUE(E15),VALUE(F15),VALUE(G15)) -> 0 | K15: =VALUE(D15)+VALUE(G15)+VALUE(H15)-VALUE(I15) -> 0
B16: Spare | D16: 0 | E16: =HYPERLINK(اضافات!N16) -> 0 | F16: =HYPERLINK(اضافات!M16) -> 0 | G16: =HYPERLINK(اضافات!F16) -> 0 | H16: =HYPERLINK(اضافات!O16) -> 0 | I16: =HYPERLINK(خصومات!L16) -> 0 | J16: =SUM(D16,VALUE(E16),VALUE(F16),VALUE(G16)) -> 0 | K16: =VALUE(D16)+VALUE(G16)+VALUE(H16)-VALUE(I16) -> 0
B17: Spare | D17: 0 | E17: =HYPERLINK(اضافات!N17) -> 0 | F17: =HYPERLINK(اضافات!M17) -> 0 | G17: =HYPERLINK(اضافات!F17) -> 0 | H17: =HYPERLINK(اضافات!O17) -> 0 | I17: =HYPERLINK(خصومات!L17) -> 0 | J17: =SUM(D17,VALUE(E17),VALUE(F17),VALUE(G17)) -> 0 | K17: =VALUE(D17)+VALUE(G17)+VALUE(H17)-VALUE(I17) -> 0
A18: 3 | B18: اجمالي الشركاء | D18: =SUM(D4:D17) -> 620000 | E18: =SUM(E4:E17) -> 0 | F18: =SUM(F4:F17) -> 0 | G18: =SUM(G4:G17) -> 0 | H18: =SUM(H4:H17) -> 0 | I18: =SUM(I4:I17) -> 0 | J18: =SUM(J4:J17) -> 818722 | K18: =SUM(K4:K17) -> 618686 | L18: =SUM(K4:K17) -> 618686
A19: 1 | B19: أ/ناجى رمضان أمين محمد | D19: 46300 | E19: =HYPERLINK(اضافات!N19) -> 11321 | F19: =HYPERLINK(اضافات!M19) -> 0 | G19: =HYPERLINK(اضافات!F19) -> 0 | H19: =HYPERLINK(اضافات!O19) -> 0 | I19: =HYPERLINK(خصومات!L19) -> 2219 | J19: =SUM(D19,VALUE(E19),VALUE(F19),VALUE(G19)) -> 57621 | K19: =VALUE(D19)+VALUE(G19)+VALUE(H19)-VALUE(I19) -> 44081
A20: 2 | B20: أ/محمد عبد العزيز عبدالحافظ | D20: 34500 | E20: =HYPERLINK(اضافات!N20) -> 7988 | F20: =HYPERLINK(اضافات!M20) -> 475 | G20: =HYPERLINK(اضافات!F20) -> 0 | H20: =HYPERLINK(اضافات!O20) -> 0 | I20: =HYPERLINK(خصومات!L20) -> 143 | J20: =SUM(D20,VALUE(E20),VALUE(F20),VALUE(G20)) -> 42963 | K20: =VALUE(D20)+VALUE(G20)+VALUE(H20)-VALUE(I20) -> 34357
A21: 3 | B21: أ/ أحمد سعيد أحمد محمد علي | D21: 51750 | E21: =HYPERLINK(اضافات!N21) -> 13290 | F21: =HYPERLINK(اضافات!M21) -> 0 | G21: =HYPERLINK(اضافات!F21) -> 0 | H21: =HYPERLINK(اضافات!O21) -> 0 | I21: =HYPERLINK(خصومات!L21) -> 50 | J21: =SUM(D21,VALUE(E21),VALUE(F21),VALUE(G21)) -> 65040 | K21: =VALUE(D21)+VALUE(G21)+VALUE(H21)-VALUE(I21) -> 51700
A22: 4 | B22: أ/منة الله البلتاجى | D22: 36000 | E22: =HYPERLINK(اضافات!N22) -> 14448 | F22: =HYPERLINK(اضافات!M22) -> 0 | G22: =HYPERLINK(اضافات!F22) -> 0 | H22: =HYPERLINK(اضافات!O22) -> 0 | I22: =HYPERLINK(خصومات!L22) -> 7027 | J22: =SUM(D22,VALUE(E22),VALUE(F22),VALUE(G22)) -> 50448 | K22: =VALUE(D22)+VALUE(G22)+VALUE(H22)-VALUE(I22) -> 28973 | O22: Should be updated by April 2025 to 69k
A23: 5 | B23: أ/نهى عمرو محمد رضوان | D23: 55000 | E23: =HYPERLINK(اضافات!N23) -> 14116 | F23: =HYPERLINK(اضافات!M23) -> 0 | G23: =HYPERLINK(اضافات!F23) -> 0 | H23: =HYPERLINK(اضافات!O23) -> 0 | I23: =HYPERLINK(خصومات!L23) -> 0 | J23: =SUM(D23,VALUE(E23),VALUE(F23),VALUE(G23)) -> 69116 | K23: =VALUE(D23)+VALUE(G23)+VALUE(H23)-VALUE(I23) -> 55000
A24: 6 | B24: أ/عبد الله عمرو حافظ | D24: 60000 | E24: =HYPERLINK(اضافات!N24) -> 11400 | F24: =HYPERLINK(اضافات!M24) -> 0 | G24: =HYPERLINK(اضافات!F24) -> 0 | H24: =HYPERLINK(اضافات!O24) -> 0 | I24: =HYPERLINK(خصومات!L24) -> 0 | J24: =SUM(D24,VALUE(E24),VALUE(F24),VALUE(G24)) -> 71400 | K24: =VALUE(D24)+VALUE(G24)+VALUE(H24)-VALUE(I24) -> 60000
A25: 7 | B25: أ/محمد حمدى كامل | D25: 34500 | E25: =HYPERLINK(اضافات!N25) -> 7945 | F25: =HYPERLINK(اضافات!M25) -> 475 | G25: =HYPERLINK(اضافات!F25) -> 0 | H25: =HYPERLINK(اضافات!O25) -> 0 | I25: =HYPERLINK(خصومات!L25) -> 680 | J25: =SUM(D25,VALUE(E25),VALUE(F25),VALUE(G25)) -> 42920 | K25: =VALUE(D25)+VALUE(G25)+VALUE(H25)-VALUE(I25) -> 33820
B26: Spare | D26: 0 | E26: =HYPERLINK(اضافات!N26) -> 0 | F26: =HYPERLINK(اضافات!M26) -> 0 | G26: =HYPERLINK(اضافات!F26) -> 0 | H26: =HYPERLINK(اضافات!O26) -> 0 | I26: =HYPERLINK(خصومات!L26) -> 0 | J26: =SUM(D26,VALUE(E26),VALUE(F26),VALUE(G26)) -> 0 | K26: =VALUE(D26)+VALUE(G26)+VALUE(H26)-VALUE(I26) -> 0
B27: Spare | D27: 0 | E27: =HYPERLINK(اضافات!N27) -> 0 | F27: =HYPERLINK(اضافات!M27) -> 0 | G27: =HYPERLINK(اضافات!F27) -> 0 | H27: =HYPERLINK(اضافات!O27) -> 0 | I27: =HYPERLINK(خصومات!L27) -> 0 | J27: =SUM(D27,VALUE(E27),VALUE(F27),VALUE(G27)) -> 0 | K27: =VALUE(D27)+VALUE(G27)+VALUE(H27)-VALUE(I27) -> 0
B28: Spare | D28: 0 | E28: =HYPERLINK(اضافات!N28) -> 0 | F28: =HYPERLINK(اضافات!M28) -> 0 | G28: =HYPERLINK(اضافات!F28) -> 0 | H28: =HYPERLINK(اضافات!O28) -> 0 | I28: =HYPERLINK(خصومات!L28) -> 0 | J28: =SUM(D28,VALUE(E28),VALUE(F28),VALUE(G28)) -> 0 | K28: =VALUE(D28)+VALUE(G28)+VALUE(H28)-VALUE(I28) -> 0
B29: Spare | D29: 0 | E29: =HYPERLINK(اضافات!N29) -> 0 | F29: =HYPERLINK(اضافات!M29) -> 0 | G29: =HYPERLINK(اضافات!F29) -> 0 | H29: =HYPERLINK(اضافات!O29) -> 0 | I29: =HYPERLINK(خصومات!L29) -> 0 | J29: =SUM(D29,VALUE(E29),VALUE(F29),VALUE(G29)) -> 0 | K29: =VALUE(D29)+VALUE(G29)+VALUE(H29)-VALUE(I29) -> 0
B30: Spare | D30: 0 | E30: =HYPERLINK(اضافات!N30) -> 0 | F30: =HYPERLINK(اضافات!M30) -> 0 | G30: =HYPERLINK(اضافات!F30) -> 0 | H30: =HYPERLINK(اضافات!O30) -> 0 | I30: =HYPERLINK(خصومات!L30) -> 0 | J30: =SUM(D30,VALUE(E30),VALUE(F30),VALUE(G30)) -> 0 | K30: =VALUE(D30)+VALUE(G30)+VALUE(H30)-VALUE(I30) -> 0
B31: Spare | D31: 0 | E31: =HYPERLINK(اضافات!N31) -> 0 | F31: =HYPERLINK(اضافات!M31) -> 0 | G31: =HYPERLINK(اضافات!F31) -> 0 | H31: =HYPERLINK(اضافات!O31) -> 0 | I31: =HYPERLINK(خصومات!L31) -> 0 | J31: =SUM(D31,VALUE(E31),VALUE(F31),VALUE(G31)) -> 0 | K31: =VALUE(D31)+VALUE(G31)+VALUE(H31)-VALUE(I31) -> 0
B32: Spare | D32: 0 | E32: =HYPERLINK(اضافات!N32) -> 0 | F32: =HYPERLINK(اضافات!M32) -> 0 | G32: =HYPERLINK(اضافات!F32) -> 0 | H32: =HYPERLINK(اضافات!O32) -> 0 | I32: =HYPERLINK(خصومات!L32) -> 0 | J32: =SUM(D32,VALUE(E32),VALUE(F32),VALUE(G32)) -> 0 | K32: =VALUE(D32)+VALUE(G32)+VALUE(H32)-VALUE(I32) -> 0
A33: 8 | B33: أ/أحمد سيف الدين أبو بكر سري الدين | D33: 40250 | E33: =HYPERLINK(اضافات!N33) -> 13163.75 | F33: =HYPERLINK(اضافات!M33) -> 0 | G33: =HYPERLINK(اضافات!F33) -> 0 | H33: =HYPERLINK(اضافات!O33) -> 0 | I33: =HYPERLINK(خصومات!L33) -> 50 | J33: =SUM(D33,VALUE(E33),VALUE(F33),VALUE(G33)) -> 53413.75 | K33: =VALUE(D33)+VALUE(G33)+VALUE(H33)-VALUE(I33) -> 40200
A34: 9 | B34: أ/هاني أحمد الدالي | D34: 14500 | E34: =HYPERLINK(اضافات!N34) -> 2824 | F34: =HYPERLINK(اضافات!M34) -> 315 | G34: =HYPERLINK(اضافات!F34) -> 0 | H34: =HYPERLINK(اضافات!O34) -> 0 | I34: =HYPERLINK(خصومات!L34) -> 483 | J34: =SUM(D34,VALUE(E34),VALUE(F34),VALUE(G34)) -> 17639 | K34: =VALUE(D34)+VALUE(G34)+VALUE(H34)-VALUE(I34) -> 14017
A35: 10 | B35: أ/عبدالرحمن أحمد عبدالعزيز حسن | D35: 14000 | E35: =HYPERLINK(اضافات!N35) -> 2518 | F35: =HYPERLINK(اضافات!M35) -> 0 | G35: =HYPERLINK(اضافات!F35) -> 0 | H35: =HYPERLINK(اضافات!O35) -> 0 | I35: =HYPERLINK(خصومات!L35) -> 0 | J35: =SUM(D35,VALUE(E35),VALUE(F35),VALUE(G35)) -> 16518 | K35: =VALUE(D35)+VALUE(G35)+VALUE(H35)-VALUE(I35) -> 14000
B36: Spare | D36: 0 | E36: =HYPERLINK(اضافات!N36) -> 0 | F36: =HYPERLINK(اضافات!M36) -> 0 | G36: =HYPERLINK(اضافات!F36) -> 0 | H36: =HYPERLINK(اضافات!O36) -> 0 | I36: =HYPERLINK(خصومات!L36) -> 0 | J36: =SUM(D36,VALUE(E36),VALUE(F36),VALUE(G36)) -> 0 | K36: =VALUE(D36)+VALUE(G36)+VALUE(H36)-VALUE(I36) -> 0
B37: Spare | D37: 0 | E37: =HYPERLINK(اضافات!N37) -> 0 | F37: =HYPERLINK(اضافات!M37) -> 0 | G37: =HYPERLINK(اضافات!F37) -> 0 | H37: =HYPERLINK(اضافات!O37) -> 0 | I37: =HYPERLINK(خصومات!L37) -> 0 | J37: =SUM(D37,VALUE(E37),VALUE(F37),VALUE(G37)) -> 0 | K37: =VALUE(D37)+VALUE(G37)+VALUE(H37)-VALUE(I37) -> 0
B38: Spare | D38: 0 | E38: =HYPERLINK(اضافات!N38) -> 0 | F38: =HYPERLINK(اضافات!M38) -> 0 | G38: =HYPERLINK(اضافات!F38) -> 0 | H38: =HYPERLINK(اضافات!O38) -> 0 | I38: =HYPERLINK(خصومات!L38) -> 0 | J38: =SUM(D38,VALUE(E38),VALUE(F38),VALUE(G38)) -> 0 | K38: =VALUE(D38)+VALUE(G38)+VALUE(H38)-VALUE(I38) -> 0
B39: Spare | D39: 0 | E39: =HYPERLINK(اضافات!N39) -> 0 | F39: =HYPERLINK(اضافات!M39) -> 0 | G39: =HYPERLINK(اضافات!F39) -> 0 | H39: =HYPERLINK(اضافات!O39) -> 0 | I39: =HYPERLINK(خصومات!L39) -> 0 | J39: =SUM(D39,VALUE(E39),VALUE(F39),VALUE(G39)) -> 0 | K39: =VALUE(D39)+VALUE(G39)+VALUE(H39)-VALUE(I39) -> 0
B40: Spare | D40: 0 | E40: =HYPERLINK(اضافات!N40) -> 0 | F40: =HYPERLINK(اضافات!M40) -> 0 | G40: =HYPERLINK(اضافات!F40) -> 0 | H40: =HYPERLINK(اضافات!O40) -> 0 | I40: =HYPERLINK(خصومات!L40) -> 0 | J40: =SUM(D40,VALUE(E40),VALUE(F40),VALUE(G40)) -> 0 | K40: =VALUE(D40)+VALUE(G40)+VALUE(H40)-VALUE(I40) -> 0
B41: Spare | D41: 0 | E41: =HYPERLINK(اضافات!N41) -> 0 | F41: =HYPERLINK(اضافات!M41) -> 0 | G41: =HYPERLINK(اضافات!F41) -> 0 | H41: =HYPERLINK(اضافات!O41) -> 0 | I41: =HYPERLINK(خصومات!L41) -> 0 | J41: =SUM(D41,VALUE(E41),VALUE(F41),VALUE(G41)) -> 0 | K41: =VALUE(D41)+VALUE(G41)+VALUE(H41)-VALUE(I41) -> 0
B42: Spare | D42: 0 | E42: =HYPERLINK(اضافات!N42) -> 0 | F42: =HYPERLINK(اضافات!M42) -> 0 | G42: =HYPERLINK(اضافات!F42) -> 0 | H42: =HYPERLINK(اضافات!O42) -> 0 | I42: =HYPERLINK(خصومات!L42) -> 0 | J42: =SUM(D42,VALUE(E42),VALUE(F42),VALUE(G42)) -> 0 | K42: =VALUE(D42)+VALUE(G42)+VALUE(H42)-VALUE(I42) -> 0
B43: Spare | D43: 0 | E43: =HYPERLINK(اضافات!N43) -> 0 | F43: =HYPERLINK(اضافات!M43) -> 0 | G43: =HYPERLINK(اضافات!F43) -> 0 | H43: =HYPERLINK(اضافات!O43) -> 0 | I43: =HYPERLINK(خصومات!L43) -> 0 | J43: =SUM(D43,VALUE(E43),VALUE(F43),VALUE(G43)) -> 0 | K43: =VALUE(D43)+VALUE(G43)+VALUE(H43)-VALUE(I43) -> 0
B44: Spare | D44: 0 | E44: =HYPERLINK(اضافات!N44) -> 0 | F44: =HYPERLINK(اضافات!M44) -> 0 | G44: =HYPERLINK(اضافات!F44) -> 0 | H44: =HYPERLINK(اضافات!O44) -> 0 | I44: =HYPERLINK(خصومات!L44) -> 0 | J44: =SUM(D44,VALUE(E44),VALUE(F44),VALUE(G44)) -> 0 | K44: =VALUE(D44)+VALUE(G44)+VALUE(H44)-VALUE(I44) -> 0
A45: 11 | B45: أ/حبيبة محمود سمير محمود عيسى | D45: 11000 | E45: =HYPERLINK(اضافات!N45) -> 1779 | F45: =HYPERLINK(اضافات!M45) -> 0 | G45: =HYPERLINK(اضافات!F45) -> 0 | H45: =HYPERLINK(اضافات!O45) -> 0 | I45: =HYPERLINK(خصومات!L45) -> 2116 | J45: =SUM(D45,VALUE(E45),VALUE(F45),VALUE(G45)) -> 12779 | K45: =VALUE(D45)+VALUE(G45)+VALUE(H45)-VALUE(I45) -> 8884
A46: 12 | B46: أ/احمد ابو العباس محمد الاتربي | D46: 10000 | E46: =HYPERLINK(اضافات!N46) -> 1655 | F46: =HYPERLINK(اضافات!M46) -> 0 | G46: =HYPERLINK(اضافات!F46) -> 0 | H46: =HYPERLINK(اضافات!O46) -> 0 | I46: =HYPERLINK(خصومات!L46) -> 0 | J46: =SUM(D46,VALUE(E46),VALUE(F46),VALUE(G46)) -> 11655 | K46: =VALUE(D46)+VALUE(G46)+VALUE(H46)-VALUE(I46) -> 10000
A47: 13 | B47: أ/ليلي امين محمد امين طموم | D47: 10000 | E47: =HYPERLINK(اضافات!N47) -> 1559 | F47: =HYPERLINK(اضافات!M47) -> 0 | G47: =HYPERLINK(اضافات!F47) -> 0 | H47: =HYPERLINK(اضافات!O47) -> 0 | I47: =HYPERLINK(خصومات!L47) -> 0 | J47: =SUM(D47,VALUE(E47),VALUE(F47),VALUE(G47)) -> 11559 | K47: =VALUE(D47)+VALUE(G47)+VALUE(H47)-VALUE(I47) -> 10000
A48: 14 | B48: أ/كريم ايمن محمد عادل | D48: 12000 | E48: =HYPERLINK(اضافات!N48) -> 1863 | F48: =HYPERLINK(اضافات!M48) -> 0 | G48: =HYPERLINK(اضافات!F48) -> 0 | H48: =HYPERLINK(اضافات!O48) -> 0 | I48: =HYPERLINK(خصومات!L48) -> 700 | J48: =SUM(D48,VALUE(E48),VALUE(F48),VALUE(G48)) -> 13863 | K48: =VALUE(D48)+VALUE(G48)+VALUE(H48)-VALUE(I48) -> 11300
B49: Spare | D49: 0 | E49: =HYPERLINK(اضافات!N49) -> 0 | F49: =HYPERLINK(اضافات!M49) -> 0 | G49: =HYPERLINK(اضافات!F49) -> 0 | H49: =HYPERLINK(اضافات!O49) -> 0 | I49: =HYPERLINK(خصومات!L49) -> 0 | J49: =SUM(D49,VALUE(E49),VALUE(F49),VALUE(G49)) -> 0 | K49: =VALUE(D49)+VALUE(G49)+VALUE(H49)-VALUE(I49) -> 0
B50: Spare | D50: 0 | E50: =HYPERLINK(اضافات!N50) -> 0 | F50: =HYPERLINK(اضافات!M50) -> 0 | G50: =HYPERLINK(اضافات!F50) -> 0 | H50: =HYPERLINK(اضافات!O50) -> 0 | I50: =HYPERLINK(خصومات!L50) -> 0 | J50: =SUM(D50,VALUE(E50),VALUE(F50),VALUE(G50)) -> 0 | K50: =VALUE(D50)+VALUE(G50)+VALUE(H50)-VALUE(I50) -> 0
B51: Spare | D51: 0 | E51: =HYPERLINK(اضافات!N51) -> 0 | F51: =HYPERLINK(اضافات!M51) -> 0 | G51: =HYPERLINK(اضافات!F51) -> 0 | H51: =HYPERLINK(اضافات!O51) -> 0 | I51: =HYPERLINK(خصومات!L51) -> 0 | J51: =SUM(D51,VALUE(E51),VALUE(F51),VALUE(G51)) -> 0 | K51: =VALUE(D51)+VALUE(G51)+VALUE(H51)-VALUE(I51) -> 0
B52: Spare | D52: 0 | E52: =HYPERLINK(اضافات!N52) -> 0 | F52: =HYPERLINK(اضافات!M52) -> 0 | G52: =HYPERLINK(اضافات!F52) -> 0 | H52: =HYPERLINK(اضافات!O52) -> 0 | I52: =HYPERLINK(خصومات!L52) -> 0 | J52: =SUM(D52,VALUE(E52),VALUE(F52),VALUE(G52)) -> 0 | K52: =VALUE(D52)+VALUE(G52)+VALUE(H52)-VALUE(I52) -> 0
B53: Spare | D53: 0 | E53: =HYPERLINK(اضافات!N53) -> 0 | F53: =HYPERLINK(اضافات!M53) -> 0 | G53: =HYPERLINK(اضافات!F53) -> 0 | H53: =HYPERLINK(اضافات!O53) -> 0 | I53: =HYPERLINK(خصومات!L53) -> 0 | J53: =SUM(D53,VALUE(E53),VALUE(F53),VALUE(G53)) -> 0 | K53: =VALUE(D53)+VALUE(G53)+VALUE(H53)-VALUE(I53) -> 0
B54: Spare | D54: 0 | E54: =HYPERLINK(اضافات!N54) -> 0 | F54: =HYPERLINK(اضافات!M54) -> 0 | G54: =HYPERLINK(اضافات!F54) -> 0 | H54: =HYPERLINK(اضافات!O54) -> 0 | I54: =HYPERLINK(خصومات!L54) -> 0 | J54: =SUM(D54,VALUE(E54),VALUE(F54),VALUE(G54)) -> 0 | K54: =VALUE(D54)+VALUE(G54)+VALUE(H54)-VALUE(I54) -> 0
B55: Spare | D55: 0 | E55: =HYPERLINK(اضافات!N55) -> 0 | F55: =HYPERLINK(اضافات!M55) -> 0 | G55: =HYPERLINK(اضافات!F55) -> 0 | H55: =HYPERLINK(اضافات!O55) -> 0 | I55: =HYPERLINK(خصومات!L55) -> 0 | J55: =SUM(D55,VALUE(E55),VALUE(F55),VALUE(G55)) -> 0 | K55: =VALUE(D55)+VALUE(G55)+VALUE(H55)-VALUE(I55) -> 0
A56: 14 | B56: اجمالي المحامين | D56: =SUM(D19:D55) -> 429800 | E56: =SUM(E19:E55) -> 0 | F56: =SUM(F19:F55) -> 0 | G56: =SUM(G19:G55) -> 0 | H56: =SUM(H19:H55) -> 0 | I56: =SUM(I19:I55) -> 0 | J56: =SUM(J19:J55) -> 536934.75 | K56: =SUM(K19:K55) -> 416332 | L56: =SUM(K19:K55) -> 416332
A57: 1 | B57: أ/دعاء عبد الدايم إبراهيم نصار | D57: 128000 | E57: =HYPERLINK(اضافات!N57) -> 44284.75 | F57: =HYPERLINK(اضافات!M57) -> 2350 | G57: =HYPERLINK(اضافات!F57) -> 0 | H57: =HYPERLINK(اضافات!O57) -> 0 | I57: =HYPERLINK(خصومات!L57) -> 0 | J57: =SUM(D57,VALUE(E57),VALUE(F57),VALUE(G57)) -> 174634.75 | K57: =VALUE(D57)+VALUE(G57)+VALUE(H57)-VALUE(I57) -> 128000
A58: 2 | B58: أ/أحمد محمد رزق | D58: 45000 | E58: =HYPERLINK(اضافات!N58) -> 14363.75 | F58: =HYPERLINK(اضافات!M58) -> 2050 | G58: =HYPERLINK(اضافات!F58) -> 0 | H58: =HYPERLINK(اضافات!O58) -> 0 | I58: =HYPERLINK(خصومات!L58) -> 0 | J58: =SUM(D58,VALUE(E58),VALUE(F58),VALUE(G58)) -> 61413.75 | K58: =VALUE(D58)+VALUE(G58)+VALUE(H58)-VALUE(I58) -> 45000
B59: Manager Spare | D59: 0 | E59: =HYPERLINK(اضافات!N59) -> 0 | F59: =HYPERLINK(اضافات!M59) -> 0 | G59: =HYPERLINK(اضافات!F59) -> 0 | H59: =HYPERLINK(اضافات!O59) -> 0 | I59: =HYPERLINK(خصومات!L59) -> 0 | J59: =SUM(D59,VALUE(E59),VALUE(F59),VALUE(G59)) -> 0 | K59: =VALUE(D59)+VALUE(G59)+VALUE(H59)-VALUE(I59) -> 0
B60: Manager Spare | D60: 0 | E60: =HYPERLINK(اضافات!N60) -> 0 | F60: =HYPERLINK(اضافات!M60) -> 0 | G60: =HYPERLINK(اضافات!F60) -> 0 | H60: =HYPERLINK(اضافات!O60) -> 0 | I60: =HYPERLINK(خصومات!L60) -> 0 | J60: =SUM(D60,VALUE(E60),VALUE(F60),VALUE(G60)) -> 0 | K60: =VALUE(D60)+VALUE(G60)+VALUE(H60)-VALUE(I60) -> 0
B61: Manager Spare | D61: 0 | E61: =HYPERLINK(اضافات!N61) -> 0 | F61: =HYPERLINK(اضافات!M61) -> 0 | G61: =HYPERLINK(اضافات!F61) -> 0 | H61: =HYPERLINK(اضافات!O61) -> 0 | I61: =HYPERLINK(خصومات!L61) -> 0 | J61: =SUM(D61,VALUE(E61),VALUE(F61),VALUE(G61)) -> 0 | K61: =VALUE(D61)+VALUE(G61)+VALUE(H61)-VALUE(I61) -> 0
A62: 3 | B62: أ/خالد محمد حلمى | D62: 38000 | E62: =HYPERLINK(اضافات!N62) -> 12522.75 | F62: =HYPERLINK(اضافات!M62) -> 1900 | G62: =HYPERLINK(اضافات!F62) -> 0 | H62: =HYPERLINK(اضافات!O62) -> 0 | I62: =HYPERLINK(خصومات!L62) -> 634.5 | J62: =SUM(D62,VALUE(E62),VALUE(F62),VALUE(G62)) -> 52422.75 | K62: =VALUE(D62)+VALUE(G62)+VALUE(H62)-VALUE(I62) -> 37365.5
A63: 4 | B63: أ/ نيرمين عصمت محمد حجازي | D63: 30000 | E63: =HYPERLINK(اضافات!N63) -> 10860.75 | F63: =HYPERLINK(اضافات!M63) -> 1750 | G63: =HYPERLINK(اضافات!F63) -> 0 | H63: =HYPERLINK(اضافات!O63) -> 0 | I63: =HYPERLINK(خصومات!L63) -> 0 | J63: =SUM(D63,VALUE(E63),VALUE(F63),VALUE(G63)) -> 42610.75 | K63: =VALUE(D63)+VALUE(G63)+VALUE(H63)-VALUE(I63) -> 30000
B64: Senior Spare | D64: 0 | E64: =HYPERLINK(اضافات!N64) -> 0 | F64: =HYPERLINK(اضافات!M64) -> 0 | G64: =HYPERLINK(اضافات!F64) -> 0 | H64: =HYPERLINK(اضافات!O64) -> 0 | I64: =HYPERLINK(خصومات!L64) -> 0 | J64: =SUM(D64,VALUE(E64),VALUE(F64),VALUE(G64)) -> 0 | K64: =VALUE(D64)+VALUE(G64)+VALUE(H64)-VALUE(I64) -> 0
B65: Senior Spare | D65: 0 | E65: =HYPERLINK(اضافات!N65) -> 0 | F65: =HYPERLINK(اضافات!M65) -> 0 | G65: =HYPERLINK(اضافات!F65) -> 0 | H65: =HYPERLINK(اضافات!O65) -> 0 | I65: =HYPERLINK(خصومات!L65) -> 0 | J65: =SUM(D65,VALUE(E65),VALUE(F65),VALUE(G65)) -> 0 | K65: =VALUE(D65)+VALUE(G65)+VALUE(H65)-VALUE(I65) -> 0
B66: Senior Spare | D66: 0 | E66: =HYPERLINK(اضافات!N66) -> 0 | F66: =HYPERLINK(اضافات!M66) -> 0 | G66: =HYPERLINK(اضافات!F66) -> 0 | H66: =HYPERLINK(اضافات!O66) -> 0 | I66: =HYPERLINK(خصومات!L66) -> 0 | J66: =SUM(D66,VALUE(E66),VALUE(F66),VALUE(G66)) -> 0 | K66: =VALUE(D66)+VALUE(G66)+VALUE(H66)-VALUE(I66) -> 0
B67: Senior Spare | D67: 0 | E67: =HYPERLINK(اضافات!N67) -> 0 | F67: =HYPERLINK(اضافات!M67) -> 0 | G67: =HYPERLINK(اضافات!F67) -> 0 | H67: =HYPERLINK(اضافات!O67) -> 0 | I67: =HYPERLINK(خصومات!L67) -> 0 | J67: =SUM(D67,VALUE(E67),VALUE(F67),VALUE(G67)) -> 0 | K67: =VALUE(D67)+VALUE(G67)+VALUE(H67)-VALUE(I67) -> 0
A68: 5 | B68: أ/مروة شريف عبدالحميد سلامة | D68: 40000 | E68: =HYPERLINK(اضافات!N68) -> 13460.75 | F68: =HYPERLINK(اضافات!M68) -> 2105 | G68: =HYPERLINK(اضافات!F68) -> 0 | H68: =HYPERLINK(اضافات!O68) -> 0 | I68: =HYPERLINK(خصومات!L68) -> 0 | J68: =SUM(D68,VALUE(E68),VALUE(F68),VALUE(G68)) -> 55565.75 | K68: =VALUE(D68)+VALUE(G68)+VALUE(H68)-VALUE(I68) -> 40000
A69: 6 | B69: أ/حازم ابراهيم عبد الحميد محمد فتاتة | D69: 18000 | E69: =HYPERLINK(اضافات!N69) -> 7871.89 | F69: =HYPERLINK(اضافات!M69) -> 1800 | G69: =HYPERLINK(اضافات!F69) -> 0 | H69: =HYPERLINK(اضافات!O69) -> 0 | I69: =HYPERLINK(خصومات!L69) -> 0 | J69: =SUM(D69,VALUE(E69),VALUE(F69),VALUE(G69)) -> 27671.89 | K69: =VALUE(D69)+VALUE(G69)+VALUE(H69)-VALUE(I69) -> 18000
A70: 7 | B70: أ/أحمد سمير حسن السيد | D70: 15000 | E70: =HYPERLINK(اضافات!N70) -> 6087.01 | F70: =HYPERLINK(اضافات!M70) -> 1900 | G70: =HYPERLINK(اضافات!F70) -> 0 | H70: =HYPERLINK(اضافات!O70) -> 0 | I70: =HYPERLINK(خصومات!L70) -> 634 | J70: =SUM(D70,VALUE(E70),VALUE(F70),VALUE(G70)) -> 22987.01 | K70: =VALUE(D70)+VALUE(G70)+VALUE(H70)-VALUE(I70) -> 14366
A71: 8 | B71: أ/إيمان صبحى شكرى | D71: 22000 | E71: =HYPERLINK(اضافات!N71) -> 5056 | F71: =HYPERLINK(اضافات!M71) -> 1750 | G71: =HYPERLINK(اضافات!F71) -> 0 | H71: =HYPERLINK(اضافات!O71) -> 0 | I71: =HYPERLINK(خصومات!L71) -> 0 | J71: =SUM(D71,VALUE(E71),VALUE(F71),VALUE(G71)) -> 28806 | K71: =VALUE(D71)+VALUE(G71)+VALUE(H71)-VALUE(I71) -> 22000
A72: 9 | B72: أ/شريف شكرى محمد | D72: 22000 | E72: =HYPERLINK(اضافات!N72) -> 9013.75 | F72: =HYPERLINK(اضافات!M72) -> 1800 | G72: =HYPERLINK(اضافات!F72) -> 0 | H72: =HYPERLINK(اضافات!O72) -> 0 | I72: =HYPERLINK(خصومات!L72) -> 1286 | J72: =SUM(D72,VALUE(E72),VALUE(F72),VALUE(G72)) -> 32813.75 | K72: =VALUE(D72)+VALUE(G72)+VALUE(H72)-VALUE(I72) -> 20714
A73: 10 | B73: أ/محمد حسن محمد كامل | D73: 15000 | E73: =HYPERLINK(اضافات!N73) -> 5930.15 | F73: =HYPERLINK(اضافات!M73) -> 1900 | G73: =HYPERLINK(اضافات!F73) -> 0 | H73: =HYPERLINK(اضافات!O73) -> 0 | I73: =HYPERLINK(خصومات!L73) -> 0 | J73: =SUM(D73,VALUE(E73),VALUE(F73),VALUE(G73)) -> 22830.15 | K73: =VALUE(D73)+VALUE(G73)+VALUE(H73)-VALUE(I73) -> 15000
A74: 11 | B74: أ/سامي ابراهيم محمد | D74: 15000 | E74: =HYPERLINK(اضافات!N74) -> 6223.15 | F74: =HYPERLINK(اضافات!M74) -> 2065 | G74: =HYPERLINK(اضافات!F74) -> 0 | H74: =HYPERLINK(اضافات!O74) -> 0 | I74: =HYPERLINK(خصومات!L74) -> 0 | J74: =SUM(D74,VALUE(E74),VALUE(F74),VALUE(G74)) -> 23288.15 | K74: =VALUE(D74)+VALUE(G74)+VALUE(H74)-VALUE(I74) -> 15000
A75: 12 | B75: أ/محمود على محمود حسين | D75: 14000 | E75: =HYPERLINK(اضافات!N75) -> 5852 | F75: =HYPERLINK(اضافات!M75) -> 2065 | G75: =HYPERLINK(اضافات!F75) -> 0 | H75: =HYPERLINK(اضافات!O75) -> 0 | I75: =HYPERLINK(خصومات!L75) -> 0 | J75: =SUM(D75,VALUE(E75),VALUE(F75),VALUE(G75)) -> 21917 | K75: =VALUE(D75)+VALUE(G75)+VALUE(H75)-VALUE(I75) -> 14000
A76: 13 | B76: أ/عمرو عبد الكريم صقر | D76: 13500 | E76: =HYPERLINK(اضافات!N76) -> 5618 | F76: =HYPERLINK(اضافات!M76) -> 2150 | G76: =HYPERLINK(اضافات!F76) -> 0 | H76: =HYPERLINK(اضافات!O76) -> 0 | I76: =HYPERLINK(خصومات!L76) -> 0 | J76: =SUM(D76,VALUE(E76),VALUE(F76),VALUE(G76)) -> 21268 | K76: =VALUE(D76)+VALUE(G76)+VALUE(H76)-VALUE(I76) -> 13500
A77: 14 | B77: أ/مختار احمد المجدلي | D77: 12000 | E77: =HYPERLINK(اضافات!N77) -> 4772 | F77: =HYPERLINK(اضافات!M77) -> 1750 | G77: =HYPERLINK(اضافات!F77) -> 0 | H77: =HYPERLINK(اضافات!O77) -> 0 | I77: =HYPERLINK(خصومات!L77) -> 0 | J77: =SUM(D77,VALUE(E77),VALUE(F77),VALUE(G77)) -> 18522 | K77: =VALUE(D77)+VALUE(G77)+VALUE(H77)-VALUE(I77) -> 12000
A78: 15 | B78: أ/طارق محمد جمعه | D78: 11000 | E78: =HYPERLINK(اضافات!N78) -> 4893 | F78: =HYPERLINK(اضافات!M78) -> 2050 | G78: =HYPERLINK(اضافات!F78) -> 0 | H78: =HYPERLINK(اضافات!O78) -> 0 | I78: =HYPERLINK(خصومات!L78) -> 0 | J78: =SUM(D78,VALUE(E78),VALUE(F78),VALUE(G78)) -> 17943 | K78: =VALUE(D78)+VALUE(G78)+VALUE(H78)-VALUE(I78) -> 11000
A79: 16 | B79: أ/ أحمد محمد عبدالسلام | D79: 11000 | E79: =HYPERLINK(اضافات!N79) -> 4288 | F79: =HYPERLINK(اضافات!M79) -> 1900 | G79: =HYPERLINK(اضافات!F79) -> 0 | H79: =HYPERLINK(اضافات!O79) -> 0 | I79: =HYPERLINK(خصومات!L79) -> 366 | J79: =SUM(D79,VALUE(E79),VALUE(F79),VALUE(G79)) -> 17188 | K79: =VALUE(D79)+VALUE(G79)+VALUE(H79)-VALUE(I79) -> 10634
A80: 0 | D80: 0 | E80: =HYPERLINK(اضافات!N80) -> 0 | F80: =HYPERLINK(اضافات!M80) -> 0 | G80: =HYPERLINK(اضافات!F80) -> 0 | H80: =HYPERLINK(اضافات!O80) -> 0 | I80: =HYPERLINK(خصومات!L80) -> 667 | J80: =SUM(D80,VALUE(E80),VALUE(F80),VALUE(G80)) -> 0 | K80: =VALUE(D80)+VALUE(G80)+VALUE(H80)-VALUE(I80) -> -667
A81: 17 | B81: أ/محمد عبدالجواد محمد | D81: 16000 | E81: =HYPERLINK(اضافات!N81) -> 6857 | F81: =HYPERLINK(اضافات!M81) -> 1800 | G81: =HYPERLINK(اضافات!F81) -> 0 | H81: =HYPERLINK(اضافات!O81) -> 0 | I81: =HYPERLINK(خصومات!L81) -> 0 | J81: =SUM(D81,VALUE(E81),VALUE(F81),VALUE(G81)) -> 24657 | K81: =VALUE(D81)+VALUE(G81)+VALUE(H81)-VALUE(I81) -> 16000
A82: 18 | B82: أ/ منة الله محب عبدالغفار السيد | D82: 10000 | E82: =HYPERLINK(اضافات!N82) -> 3711 | F82: =HYPERLINK(اضافات!M82) -> 1750 | G82: =HYPERLINK(اضافات!F82) -> 0 | H82: =HYPERLINK(اضافات!O82) -> 0 | I82: =HYPERLINK(خصومات!L82) -> 0 | J82: =SUM(D82,VALUE(E82),VALUE(F82),VALUE(G82)) -> 15461 | K82: =VALUE(D82)+VALUE(G82)+VALUE(H82)-VALUE(I82) -> 10000
A83: 19 | B83: أ/عاصم محمد سعيد عبده | D83: 7000 | E83: =HYPERLINK(اضافات!N83) -> 2286 | F83: =HYPERLINK(اضافات!M83) -> 1750 | G83: =HYPERLINK(اضافات!F83) -> 0 | H83: =HYPERLINK(اضافات!O83) -> 0 | I83: =HYPERLINK(خصومات!L83) -> 0 | J83: =SUM(D83,VALUE(E83),VALUE(F83),VALUE(G83)) -> 11036 | K83: =VALUE(D83)+VALUE(G83)+VALUE(H83)-VALUE(I83) -> 7000
A84: 20 | B84: أ/ نجوى إبراهيم محمود غنيم | D84: 3700 | E84: =HYPERLINK(اضافات!N84) -> 1102.75 | F84: =HYPERLINK(اضافات!M84) -> 0 | G84: =HYPERLINK(اضافات!F84) -> 0 | H84: =HYPERLINK(اضافات!O84) -> 0 | I84: =HYPERLINK(خصومات!L84) -> 0 | J84: =SUM(D84,VALUE(E84),VALUE(F84),VALUE(G84)) -> 4802.75 | K84: =VALUE(D84)+VALUE(G84)+VALUE(H84)-VALUE(I84) -> 3700
B85: Spare | D85: 0 | E85: =HYPERLINK(اضافات!N85) -> 0 | F85: =HYPERLINK(اضافات!M85) -> 0 | G85: =HYPERLINK(اضافات!F85) -> 0 | H85: =HYPERLINK(اضافات!O85) -> 0 | I85: =HYPERLINK(خصومات!L85) -> 0 | J85: =SUM(D85,VALUE(E85),VALUE(F85),VALUE(G85)) -> 0 | K85: =VALUE(D85)+VALUE(G85)+VALUE(H85)-VALUE(I85) -> 0
B86: Spare | D86: 0 | E86: =HYPERLINK(اضافات!N86) -> 0 | F86: =HYPERLINK(اضافات!M86) -> 0 | G86: =HYPERLINK(اضافات!F86) -> 0 | H86: =HYPERLINK(اضافات!O86) -> 0 | I86: =HYPERLINK(خصومات!L86) -> 0 | J86: =SUM(D86,VALUE(E86),VALUE(F86),VALUE(G86)) -> 0 | K86: =VALUE(D86)+VALUE(G86)+VALUE(H86)-VALUE(I86) -> 0
B87: Spare | D87: 0 | E87: =HYPERLINK(اضافات!N87) -> 0 | F87: =HYPERLINK(اضافات!M87) -> 0 | G87: =HYPERLINK(اضافات!F87) -> 0 | H87: =HYPERLINK(اضافات!O87) -> 0 | I87: =HYPERLINK(خصومات!L87) -> 0 | J87: =SUM(D87,VALUE(E87),VALUE(F87),VALUE(G87)) -> 0 | K87: =VALUE(D87)+VALUE(G87)+VALUE(H87)-VALUE(I87) -> 0
B88: Spare | D88: 0 | E88: =HYPERLINK(اضافات!N88) -> 0 | F88: =HYPERLINK(اضافات!M88) -> 0 | G88: =HYPERLINK(اضافات!F88) -> 0 | H88: =HYPERLINK(اضافات!O88) -> 0 | I88: =HYPERLINK(خصومات!L88) -> 0 | J88: =SUM(D88,VALUE(E88),VALUE(F88),VALUE(G88)) -> 0 | K88: =VALUE(D88)+VALUE(G88)+VALUE(H88)-VALUE(I88) -> 0
B89: Spare | D89: 0 | E89: =HYPERLINK(اضافات!N89) -> 0 | F89: =HYPERLINK(اضافات!M89) -> 0 | G89: =HYPERLINK(اضافات!F89) -> 0 | H89: =HYPERLINK(اضافات!O89) -> 0 | I89: =HYPERLINK(خصومات!L89) -> 0 | J89: =SUM(D89,VALUE(E89),VALUE(F89),VALUE(G89)) -> 0 | K89: =VALUE(D89)+VALUE(G89)+VALUE(H89)-VALUE(I89) -> 0
B90: Spare | D90: 0 | E90: =HYPERLINK(اضافات!N90) -> 0 | F90: =HYPERLINK(اضافات!M90) -> 0 | G90: =HYPERLINK(اضافات!F90) -> 0 | H90: =HYPERLINK(اضافات!O90) -> 0 | I90: =HYPERLINK(خصومات!L90) -> 0 | J90: =SUM(D90,VALUE(E90),VALUE(F90),VALUE(G90)) -> 0 | K90: =VALUE(D90)+VALUE(G90)+VALUE(H90)-VALUE(I90) -> 0
B91: Spare | D91: 0 | E91: =HYPERLINK(اضافات!N91) -> 0 | F91: =HYPERLINK(اضافات!M91) -> 0 | G91: =HYPERLINK(اضافات!F91) -> 0 | H91: =HYPERLINK(اضافات!O91) -> 0 | I91: =HYPERLINK(خصومات!L91) -> 0 | J91: =SUM(D91,VALUE(E91),VALUE(F91),VALUE(G91)) -> 0 | K91: =VALUE(D91)+VALUE(G91)+VALUE(H91)-VALUE(I91) -> 0
B92: Spare | D92: 0 | E92: =HYPERLINK(اضافات!N92) -> 0 | F92: =HYPERLINK(اضافات!M92) -> 0 | G92: =HYPERLINK(اضافات!F92) -> 0 | H92: =HYPERLINK(اضافات!O92) -> 0 | I92: =HYPERLINK(خصومات!L92) -> 0 | J92: =SUM(D92,VALUE(E92),VALUE(F92),VALUE(G92)) -> 0 | K92: =VALUE(D92)+VALUE(G92)+VALUE(H92)-VALUE(I92) -> 0
B93: Spare | D93: 0 | E93: =HYPERLINK(اضافات!N93) -> 0 | F93: =HYPERLINK(اضافات!M93) -> 0 | G93: =HYPERLINK(اضافات!F93) -> 0 | H93: =HYPERLINK(اضافات!O93) -> 0 | I93: =HYPERLINK(خصومات!L93) -> 0 | J93: =SUM(D93,VALUE(E93),VALUE(F93),VALUE(G93)) -> 0 | K93: =VALUE(D93)+VALUE(G93)+VALUE(H93)-VALUE(I93) -> 0
B94: Spare | D94: 0 | E94: =HYPERLINK(اضافات!N94) -> 0 | F94: =HYPERLINK(اضافات!M94) -> 0 | G94: =HYPERLINK(اضافات!F94) -> 0 | H94: =HYPERLINK(اضافات!O94) -> 0 | I94: =HYPERLINK(خصومات!L94) -> 0 | J94: =SUM(D94,VALUE(E94),VALUE(F94),VALUE(G94)) -> 0 | K94: =VALUE(D94)+VALUE(G94)+VALUE(H94)-VALUE(I94) -> 0
B95: Spare | D95: 0 | E95: =HYPERLINK(اضافات!N95) -> 0 | F95: =HYPERLINK(اضافات!M95) -> 0 | G95: =HYPERLINK(اضافات!F95) -> 0 | H95: =HYPERLINK(اضافات!O95) -> 0 | I95: =HYPERLINK(خصومات!L95) -> 0 | J95: =SUM(D95,VALUE(E95),VALUE(F95),VALUE(G95)) -> 0 | K95: =VALUE(D95)+VALUE(G95)+VALUE(H95)-VALUE(I95) -> 0
B96: Spare | D96: 0 | E96: =HYPERLINK(اضافات!N96) -> 0 | F96: =HYPERLINK(اضافات!M96) -> 0 | G96: =HYPERLINK(اضافات!F96) -> 0 | H96: =HYPERLINK(اضافات!O96) -> 0 | I96: =HYPERLINK(خصومات!L96) -> 0 | J96: =SUM(D96,VALUE(E96),VALUE(F96),VALUE(G96)) -> 0 | K96: =VALUE(D96)+VALUE(G96)+VALUE(H96)-VALUE(I96) -> 0
... B100: Spare | D100: 0 | E100: =HYPERLINK(اضافات!N100) -> 0 | F100: =HYPERLINK(اضافات!M100) -> 0 | G100: =HYPERLINK(اضافات!F100) -> 0 | H100: =HYPERLINK(اضافات!O100) -> 0 | I100: =HYPERLINK(خصومات!L100) -> 0 | J100: =SUM(D100,VALUE(E100),VALUE(F100),VALUE(G100)) -> 0 | K100: =VALUE(D100)+VALUE(G100)+VALUE(H100)-VALUE(I100) -> 0
A101: 20 | B101: اجمالي العاملين | D101: =SUM(D57:D100) -> 486200 | E101: =SUM(E57:E100) -> 0 | F101: =SUM(F57:F100) -> 0 | G101: =SUM(G57:G100) -> 0 | H101: =SUM(H57:H100) -> 0 | I101: =SUM(I57:I100) -> 0 | J101: =SUM(J57:J100) -> 697839.45 | K101: =SUM(K57:K100) -> 482612.5 | L101: =SUM(K57:K100) -> 482612.5
A102: 1 | B102: أ/هالة فوزي | D102: 45000 | E102: =HYPERLINK(اضافات!N102) -> 0 | F102: =HYPERLINK(اضافات!M102) -> 0 | G102: =HYPERLINK(اضافات!F102) -> 0 | H102: =HYPERLINK(اضافات!O102) -> 0 | I102: =HYPERLINK(خصومات!L102) -> 0 | J102: =SUM(D102,VALUE(E102),VALUE(F102),VALUE(G102)) -> 45000 | K102: =VALUE(D102)+VALUE(G102)+VALUE(H102)-VALUE(I102) -> 45000
A103: 2 | B103: د/أمجد سعيد | D103: 30000 | E103: =HYPERLINK(اضافات!N103) -> 0 | F103: =HYPERLINK(اضافات!M103) -> 0 | G103: =HYPERLINK(اضافات!F103) -> 0 | H103: =HYPERLINK(اضافات!O103) -> 0 | I103: =HYPERLINK(خصومات!L103) -> 0 | J103: =SUM(D103,VALUE(E103),VALUE(F103),VALUE(G103)) -> 30000 | K103: =VALUE(D103)+VALUE(G103)+VALUE(H103)-VALUE(I103) -> 30000
...

Sheet اضافات
A1: اضافات شهرية
A2: # | B2: شهر مارس 2025 | C2: بدلات تليفون / Phone Allowance | D2: بدلات انتقال / Transportation Allowance | E2: بدل سكن / Accommodation Allowance | F2: زيادة سنوية / Yearly Increase | G2: مكافئات سنوية / Annual Bonus | H2: مكافئات شهرية / Monthly Bonus | I2: قيمة التأمين الإجتماعي الممنوح / Given Social Insurance | J2: ضرائب إداريين/محامين / Taxs | K2: قيمة التأمين الصحي الممنوح \ Given Medical Insurance | L2: بدلات اخري / Allowances | M2: اجمالي إضافات مباشرة / Total Direct Allownces | N2: اجمالي إضافات غير مباشرة / Total InDirect Allownces | O2: اجمالي علاوات / Total Bouns | P2: اجمالي الإضافات / Total Allowances | Q2: ملحوظات
B3: شركاء
A4: =مرتبات!A4 -> 1 | B4: =مرتبات!B4 -> د/هانى صلاح الدين محمد سري الدين | C4: 0 | D4: 0 | E4: 0 | F4: 0 | G4: 0 | H4: 0 | I4: 0 | J4: 0 | K4: 1422 | L4: 0 | M4: =SUM(C4:E4)+L4 -> 0 | N4: =SUM(I4:K4) -> 1422 | O4: =SUM(G4:H4) -> 0 | P4: =SUM(M4:O4) -> 1422
A5: =مرتبات!A5 -> 2 | B5: =مرتبات!B5 -> أ/أميرة محمد على شريف | C5: 1000 | D5: 0 | E5: 0 | F5: 0 | G5: 0 | H5: 0 | I5: 0 | J5: 158904 | K5: 872 | L5: 0 | M5: =SUM(C5:E5)+L5 -> 1000 | N5: =SUM(I5:K5) -> 159776 | O5: =SUM(G5:H5) -> 0 | P5: =SUM(M5:O5) -> 160776
A6: =مرتبات!A6 -> 3 | B6: =مرتبات!B6 -> أ/إيهاب حمدى ابراهيم | C6: 475 | D6: 0 | E6: 0 | F6: 0 | G6: 0 | H6: 0 | I6: 0 | J6: 35461 | K6: 588 | L6: 0 | M6: =SUM(C6:E6)+L6 -> 475 | N6: =SUM(I6:K6) -> 36049 | O6: =SUM(G6:H6) -> 0 | P6: =SUM(M6:O6) -> 36524
A7: =مرتبات!A7 -> 0 | B7: =مرتبات!B7 -> Spare | C7: 0 | D7: 0 | E7: 0 | F7: 0 | G7: 0 | H7: 0 | I7: 0 | J7: 0 | K7: 0 | L7: 0 | M7: =SUM(C7:E7)+L7 -> 0 | N7: =SUM(I7:K7) -> 0 | O7: =SUM(G7:H7) -> 0 | P7: =SUM(M7:O7) -> 0
A8: =مرتبات!A8 -> 0 | B8: =مرتبات!B8 -> Spare | C8: 0 | D8: 0 | E8: 0 | F8: 0 | G8: 0 | H8: 0 | I8: 0 | J8: 0 | K8: 0 | L8: 0 | M8: =SUM(C8:E8)+L8 -> 0 | N8: =SUM(I8:K8) -> 0 | O8: =SUM(G8:H8) -> 0 | P8: =SUM(M8:O8) -> 0
A9: =مرتبات!A9 -> 0 | B9: =مرتبات!B9 -> Spare | C9: 0 | D9: 0 | E9: 0 | F9: 0 | G9: 0 | H9: 0 | I9: 0 | J9: 0 | K9: 0 | L9: 0 | M9: =SUM(C9:E9)+L9 -> 0 | N9: =SUM(I9:K9) -> 0 | O9: =SUM(G9:H9) -> 0 | P9: =SUM(M9:O9) -> 0
A10: =مرتبات!A10 -> 0 | B10: =مرتبات!B10 -> Spare | C10: 0 | D10: 0 | E10: 0 | F10: 0 | G10: 0 | H10: 0 | I10: 0 | J10: 0 | K10: 0 | L10: 0 | M10: =SUM(C10:E10)+L10 -> 0 | N10: =SUM(I10:K10) -> 0 | O10: =SUM(G10:H10) -> 0 | P10: =SUM(M10:O10) -> 0
A11: =مرتبات!A11 -> 0 | B11: =مرتبات!B11 -> Spare | C11: 0 | D11: 0 | E11: 0 | F11: 0 | G11: 0 | H11: 0 | I11: 0 | J11: 0 | K11: 0 | L11: 0 | M11: =SUM(C11:E11)+L11 -> 0 | N11: =SUM(I11:K11) -> 0 | O11: =SUM(G11:H11) -> 0 | P11: =SUM(M11:O11) -> 0
A12: =مرتبات!A12 -> 0 | B12: =مرتبات!B12 -> Spare | C12: 0 | D12: 0 | E12: 0 | F12: 0 | G12: 0 | H12: 0 | I12: 0 | J12: 0 | K12: 0 | L12: 0 | M12: =SUM(C12:E12)+L12 -> 0 | N12: =SUM(I12:K12) -> 0 | O12: =SUM(G12:H12) -> 0 | P12: =SUM(M12:O12) -> 0
A13: =مرتبات!A13 -> 0 | B13: =مرتبات!B13 -> Spare | C13: 0 | D13: 0 | E13: 0 | F13: 0 | G13: 0 | H13: 0 | I13: 0 | J13: 0 | K13: 0 | L13: 0 | M13: =SUM(C13:E13)+L13 -> 0 | N13: =SUM(I13:K13) -> 0 | O13: =SUM(G13:H13) -> 0 | P13: =SUM(M13:O13) -> 0
A14: =مرتبات!A14 -> 0 | B14: =مرتبات!B14 -> Spare | C14: 0 | D14: 0 | E14: 0 | F14: 0 | G14: 0 | H14: 0 | I14: 0 | J14: 0 | K14: 0 | L14: 0 | M14: =SUM(C14:E14)+L14 -> 0 | N14: =SUM(I14:K14) -> 0 | O14: =SUM(G14:H14) -> 0 | P14: =SUM(M14:O14) -> 0
A15: =مرتبات!A15 -> 0 | B15: =مرتبات!B15 -> Spare | C15: 0 | D15: 0 | E15: 0 | F15: 0 | G15: 0 | H15: 0 | I15: 0 | J15: 0 | K15: 0 | L15: 0 | M15: =SUM(C15:E15)+L15 -> 0 | N15: =SUM(I15:K15) -> 0 | O15: =SUM(G15:H15) -> 0 | P15: =SUM(M15:O15) -> 0
... A17: =مرتبات!A17 -> 0 | B17: =مرتبات!B17 -> Spare | C17: 0 | D17: 0 | E17: 0 | F17: 0 | G17: 0 | H17: 0 | I17: 0 | J17: 0 | K17: 0 | L17: 0 | M17: =SUM(C17:E17)+L17 -> 0 | N17: =SUM(I17:K17) -> 0 | O17: =SUM(G17:H17) -> 0 | P17: =SUM(M17:O17) -> 0
A18: =مرتبات!A18 -> 3 | B18: محامين
A19: =مرتبات!A19 -> 1 | B19: =مرتبات!B19 -> أ/ناجى رمضان أمين محمد | C19: 0 | D19: 0 | E19: 0 | F19: 0 | G19: 0 | H19: 0 | I19: 0 | J19: 10126 | K19: 1195 | L19: 0 | M19: =SUM(C19:E19)+L19 -> 0 | N19: =SUM(I19:K19) -> 11321 | O19: =SUM(G19:H19) -> 0 | P19: =SUM(M19:O19) -> 11321
A20: =مرتبات!A20 -> 2 | B20: =مرتبات!B20 -> أ/محمد عبد العزيز عبدالحافظ | C20: 475 | D20: 0 | E20: 0 | F20: 0 | G20: 0 | H20: 0 | I20: 0 | J20: 7116 | K20: 872 | L20: 0 | M20: =SUM(C20:E20)+L20 -> 475 | N20: =SUM(I20:K20) -> 7988 | O20: =SUM(G20:H20) -> 0 | P20: =SUM(M20:O20) -> 8463
A21: =مرتبات!A21 -> 3 | B21: =مرتبات!B21 -> أ/ أحمد سعيد أحمد محمد علي | C21: 0 | D21: 0 | E21: 0 | F21: 0 | G21: 0 | H21: 0 | I21: 0 | J21: 12418 | K21: 872 | L21: 0 | M21: =SUM(C21:E21)+L21 -> 0 | N21: =SUM(I21:K21) -> 13290 | O21: =SUM(G21:H21) -> 0 | P21: =SUM(M21:O21) -> 13290
A22: =مرتبات!A22 -> 4 | B22: =مرتبات!B22 -> أ/منة الله البلتاجى | C22: 0 | D22: 0 | E22: 0 | F22: 0 | G22: 0 | H22: 0 | I22: 0 | J22: 13860 | K22: 588 | L22: 0 | M22: =SUM(C22:E22)+L22 -> 0 | N22: =SUM(I22:K22) -> 14448 | O22: =SUM(G22:H22) -> 0 | P22: =SUM(M22:O22) -> 14448
A23: =مرتبات!A23 -> 5 | B23: =مرتبات!B23 -> أ/نهى عمرو محمد رضوان | C23: 0 | D23: 0 | E23: 0 | F23: 0 | G23: 0 | H23: 0 | I23: 0 | J23: 13625 | K23: 491 | L23: 0 | M23: =SUM(C23:E23)+L23 -> 0 | N23: =SUM(I23:K23) -> 14116 | O23: =SUM(G23:H23) -> 0 | P23: =SUM(M23:O23) -> 14116
A24: =مرتبات!A24 -> 6 | B24: =مرتبات!B24 -> أ/عبد الله عمرو حافظ | C24: 0 | D24: 0 | E24: 0 | F24: 0 | G24: 0 | H24: 0 | I24: 0 | J24: 11400 | K24: 0 | L24: 0 | M24: =SUM(C24:E24)+L24 -> 0 | N24: =SUM(I24:K24) -> 11400 | O24: =SUM(G24:H24) -> 0 | P24: =SUM(M24:O24) -> 11400
A25: =مرتبات!A25 -> 7 | B25: =مرتبات!B25 -> أ/محمد حمدى كامل | C25: 475 | D25: 0 | E25: 0 | F25: 0 | G25: 0 | H25: 0 | I25: 0 | J25: 7355 | K25: 590 | L25: 0 | M25: =SUM(C25:E25)+L25 -> 475 | N25: =SUM(I25:K25) -> 7945 | O25: =SUM(G25:H25) -> 0 | P25: =SUM(M25:O25) -> 8420
A26: =مرتبات!A26 -> 0 | B26: =مرتبات!B26 -> Spare | C26: 0 | D26: 0 | E26: 0 | F26: 0 | G26: 0 | H26: 0 | I26: 0 | J26: 0 | K26: 0 | L26: 0 | M26: =SUM(C26:E26)+L26 -> 0 | N26: =SUM(I26:K26) -> 0 | O26: =SUM(G26:H26) -> 0 | P26: =SUM(M26:O26) -> 0
A27: =مرتبات!A27 -> 0 | B27: =مرتبات!B27 -> Spare | C27: 0 | D27: 0 | E27: 0 | F27: 0 | G27: 0 | H27: 0 | I27: 0 | J27: 0 | K27: 0 | L27: 0 | M27: =SUM(C27:E27)+L27 -> 0 | N27: =SUM(I27:K27) -> 0 | O27: =SUM(G27:H27) -> 0 | P27: =SUM(M27:O27) -> 0
A28: =مرتبات!A28 -> 0 | B28: =مرتبات!B28 -> Spare | C28: 0 | D28: 0 | E28: 0 | F28: 0 | G28: 0 | H28: 0 | I28: 0 | J28: 0 | K28: 0 | L28: 0 | M28: =SUM(C28:E28)+L28 -> 0 | N28: =SUM(I28:K28) -> 0 | O28: =SUM(G28:H28) -> 0 | P28: =SUM(M28:O28) -> 0
A29: =مرتبات!A29 -> 0 | B29: =مرتبات!B29 -> Spare | C29: 0 | D29: 0 | E29: 0 | F29: 0 | G29: 0 | H29: 0 | I29: 0 | J29: 0 | K29: 0 | L29: 0 | M29: =SUM(C29:E29)+L29 -> 0 | N29: =SUM(I29:K29) -> 0 | O29: =SUM(G29:H29) -> 0 | P29: =SUM(M29:O29) -> 0
A30: =مرتبات!A30 -> 0 | B30: =مرتبات!B30 -> Spare | C30: 0 | D30: 0 | E30: 0 | F30: 0 | G30: 0 | H30: 0 | I30: 0 | J30: 0 | K30: 0 | L30: 0 | M30: =SUM(C30:E30)+L30 -> 0 | N30: =SUM(I30:K30) -> 0 | O30: =SUM(G30:H30) -> 0 | P30: =SUM(M30:O30) -> 0
... A55: =مرتبات!A55 -> 0 | B55: =مرتبات!B55 -> Spare | C55: 0 | D55: 0 | E55: 0 | F55: 0 | G55: 0 | H55: 0 | I55: 0 | J55: 0 | K55: 0 | L55: 0 | M55: =SUM(C55:E55)+L55 -> 0 | N55: =SUM(I55:K55) -> 0 | O55: =SUM(G55:H55) -> 0 | P55: =SUM(M55:O55) -> 0
A56: =مرتبات!A56 -> 14 | B56: عاملين
A57: =مرتبات!A57 -> 1 | B57: =مرتبات!B57 -> أ/دعاء عبد الدايم إبراهيم نصار | C57: 600 | D57: 1750 | E57: 0 | F57: 0 | G57: 0 | H57: 0 | I57: 4313.75 | J57: 39381 | K57: 590 | L57: 0 | M57: =SUM(C57:E57)+L57 -> 2350 | N57: =SUM(I57:K57) -> 44284.75 | O57: =SUM(G57:H57) -> 0 | P57: =SUM(M57:O57) -> 46634.75
A58: =مرتبات!A58 -> 2 | B58: =مرتبات!B58 -> أ/أحمد محمد رزق | C58: 300 | D58: 1750 | E58: 0 | F58: 0 | G58: 0 | H58: 0 | I58: 4313.75 | J58: 9559 | K58: 491 | L58: 0 | M58: =SUM(C58:E58)+L58 -> 2050 | N58: =SUM(I58:K58) -> 14363.75 | O58: =SUM(G58:H58) -> 0 | P58: =SUM(M58:O58) -> 16413.75
A59: =مرتبات!A59 -> 0 | B59: =مرتبات!B59 -> Manager Spare | C59: 0 | D59: 0 | E59: 0 | F59: 0 | G59: 0 | H59: 0 | I59: 0 | J59: 0 | K59: 0 | L59: 0 | M59: =SUM(C59:E59)+L59 -> 0 | N59: =SUM(I59:K59) -> 0 | O59: =SUM(G59:H59) -> 0 | P59: =SUM(M59:O59) -> 0
A60: =مرتبات!A60 -> 0 | B60: =مرتبات!B60 -> Manager Spare | C60: 0 | D60: 0 | E60: 0 | F60: 0 | G60: 0 | H60: 0 | I60: 0 | J60: 0 | K60: 0 | L60: 0 | M60: =SUM(C60:E60)+L60 -> 0 | N60: =SUM(I60:K60) -> 0 | O60: =SUM(G60:H60) -> 0 | P60: =SUM(M60:O60) -> 0
A61: =مرتبات!A61 -> 0 | B61: =مرتبات!B61 -> Manager Spare | C61: 0 | D61: 0 | E61: 0 | F61: 0 | G61: 0 | H61: 0 | I61: 0 | J61: 0 | K61: 0 | L61: 0 | M61: =SUM(C61:E61)+L61 -> 0 | N61: =SUM(I61:K61) -> 0 | O61: =SUM(G61:H61) -> 0 | P61: =SUM(M61:O61) -> 0
A62: =مرتبات!A62 -> 3 | B62: =مرتبات!B62 -> أ/خالد محمد حلمى | C62: 0 | D62: 1900 | E62: 0 | F62: 0 | G62: 0 | H62: 0 | I62: 4313.75 | J62: 7619 | K62: 590 | L62: 0 | M62: =SUM(C62:E62)+L62 -> 1900 | N62: =SUM(I62:K62) -> 12522.75 | O62: =SUM(G62:H62) -> 0 | P62: =SUM(M62:O62) -> 14422.75
A63: =مرتبات!A63 -> 4 | B63: =مرتبات!B63 -> أ/ نيرمين عصمت محمد حجازي | C63: 0 | D63: 1750 | E63: 0 | F63: 0 | G63: 0 | H63: 0 | I63: 4313.75 | J63: 5675 | K63: 872 | L63: 0 | M63: =SUM(C63:E63)+L63 -> 1750 | N63: =SUM(I63:K63) -> 10860.75 | O63: =SUM(G63:H63) -> 0 | P63: =SUM(M63:O63) -> 12610.75
A64: =مرتبات!A64 -> 0 | B64: =مرتبات!B64 -> Senior Spare | C64: 0 | D64: 0 | E64: 0 | F64: 0 | G64: 0 | H64: 0 | I64: 0 | J64: 0 | K64: 0 | L64: 0 | M64: =SUM(C64:E64)+L64 -> 0 | N64: =SUM(I64:K64) -> 0 | O64: =SUM(G64:H64) -> 0 | P64: =SUM(M64:O64) -> 0
A65: =مرتبات!A65 -> 0 | B65: =مرتبات!B65 -> Senior Spare | C65: 0 | D65: 0 | E65: 0 | F65: 0 | G65: 0 | H65: 0 | I65: 0 | J65: 0 | K65: 0 | L65: 0 | M65: =SUM(C65:E65)+L65 -> 0 | N65: =SUM(I65:K65) -> 0 | O65: =SUM(G65:H65) -> 0 | P65: =SUM(M65:O65) -> 0
A66: =مرتبات!A66 -> 0 | B66: =مرتبات!B66 -> Senior Spare | C66: 0 | D66: 0 | E66: 0 | F66: 0 | G66: 0 | H66: 0 | I66: 0 | J66: 0 | K66: 0 | L66: 0 | M66: =SUM(C66:E66)+L66 -> 0 | N66: =SUM(I66:K66) -> 0 | O66: =SUM(G66:H66) -> 0 | P66: =SUM(M66:O66) -> 0
A67: =مرتبات!A67 -> 0 | B67: =مرتبات!B67 -> Senior Spare | C67: 0 | D67: 0 | E67: 0 | F67: 0 | G67: 0 | H67: 0 | I67: 0 | J67: 0 | K67: 0 | L67: 0 | M67: =SUM(C67:E67)+L67 -> 0 | N67: =SUM(I67:K67) -> 0 | O67: =SUM(G67:H67) -> 0 | P67: =SUM(M67:O67) -> 0
A68: =مرتبات!A68 -> 5 | B68: =مرتبات!B68 -> أ/مروة شريف عبدالحميد سلامة | C68: 205 | D68: 1900 | E68: 0 | F68: 0 | G68: 0 | H68: 0 | I68: 4313.75 | J68: 8474 | K68: 673 | L68: 0 | M68: =SUM(C68:E68)+L68 -> 2105 | N68: =SUM(I68:K68) -> 13460.75 | O68: =SUM(G68:H68) -> 0 | P68: =SUM(M68:O68) -> 15565.75
... A100: =مرتبات!A100 -> 0 | B100: =مرتبات!B100 -> Spare | C100: 0 | D100: 0 | E100: 0 | F100: 0 | G100: 0 | H100: 0 | I100: 0 | J100: 0 | K100: 0 | L100: 0 | M100: =SUM(C100:E100)+L100 -> 0 | N100: =SUM(I100:K100) -> 0 | O100: =SUM(G100:H100) -> 0 | P100: =SUM(M100:O100) -> 0
A101: =مرتبات!A101 -> 20 | B101: مستشارين
A102: =مرتبات!A102 -> 1 | B102: =مرتبات!B102 -> أ/هالة فوزي | C102: 0 | D102: 0 | E102: 0 | F102: 0 | G102: 0 | H102: 0 | I102: 0 | J102: 0 | K102: 0 | L102: 0 | M102: =SUM(C102:E102)+L102 -> 0 | N102: =SUM(I102:K102) -> 0 | O102: =SUM(G102:H102) -> 0 | P102: =SUM(M102:O102) -> 0
A103: =مرتبات!A103 -> 2 | B103: =مرتبات!B103 -> د/أمجد سعيد | C103: 0 | D103: 0 | E103: 0 | F103: 0 | G103: 0 | H103: 0 | I103: 0 | J103: 0 | K103: 0 | L103: 0 | M103: =SUM(C103:E103)+L103 -> 0 | N103: =SUM(I103:K103) -> 0 | O103: =SUM(G103:H103) -> 0 | P103: =SUM(M103:O103) -> 0
A104: =مرتبات!A104 -> 3 | B104: =مرتبات!B104 -> د/وليد رزق | C104: 0 | D104: 0 | E104: 0 | F104: 0 | G104: 0 | H104: 0 | I104: 0 | J104: 0 | K104: 0 | L104: 0 | M104: =SUM(C104:E104)+L104 -> 0 | N104: =SUM(I104:K104) -> 0 | O104: =SUM(G104:H104) -> 0 | P104: =SUM(M104:O104) -> 0
A105: =مرتبات!A105 -> 4 | B105: =مرتبات!B105 -> د/أمينة العطيفي | C105: 0 | D105: 0 | E105: 0 | F105: 0 | G105: 0 | H105: 0 | I105: 0 | J105: 3045 | K105: 0 | L105: 0 | M105: =SUM(C105:E105)+L105 -> 0 | N105: =SUM(I105:K105) -> 3045 | O105: =SUM(G105:H105) -> 0 | P105: =SUM(M105:O105) -> 3045
A106: =مرتبات!A106 -> 5 | B106: =مرتبات!B106 -> أ/ محمد فاروق عبد الحليم | C106: 600 | D106: 0 | E106: 0 | F106: 0 | G106: 0 | H106: 0 | I106: 0 | J106: 0 | K106: 0 | L106: 0 | M106: =SUM(C106:E106)+L106 -> 600 | N106: =SUM(I106:K106) -> 0 | O106: =SUM(G106:H106) -> 0 | P106: =SUM(M106:O106) -> 600
A107: =مرتبات!A107 -> 6 | B107: =مرتبات!B107 -> د/ أحمد بغدادي رشدي محمد | C107: 0 | D107: 0 | E107: 0 | F107: 0 | G107: 0 | H107: 0 | I107: 0 | J107: 0 | K107: 0 | L107: 0 | M107: =SUM(C107:E107)+L107 -> 0 | N107: =SUM(I107:K107) -> 0 | O107: =SUM(G107:H107) -> 0 | P107: =SUM(M107:O107) -> 0
A108: =مرتبات!A108 -> 0 | B108: =مرتبات!B108 -> Spare | C108: 0 | D108: 0 | E108: 0 | F108: 0 | G108: 0 | H108: 0 | I108: 0 | J108: 0 | K108: 0 | L108: 0 | M108: =SUM(C108:E108)+L108 -> 0 | N108: =SUM(I108:K108) -> 0 | O108: =SUM(G108:H108) -> 0 | P108: =SUM(M108:O108) -> 0
A109: =مرتبات!A109 -> 0 | B109: =مرتبات!B109 -> Spare | C109: 0 | D109: 0 | E109: 0 | F109: 0 | G109: 0 | H109: 0 | I109: 0 | J109: 0 | K109: 0 | L109: 0 | M109: =SUM(C109:E109)+L109 -> 0 | N109: =SUM(I109:K109) -> 0 | O109: =SUM(G109:H109) -> 0 | P109: =SUM(M109:O109) -> 0
A110: =مرتبات!A110 -> 0 | B110: =مرتبات!B110 -> Spare | C110: 0 | D110: 0 | E110: 0 | F110: 0 | G110: 0 | H110: 0 | I110: 0 | J110: 0 | K110: 0 | L110: 0 | M110: =SUM(C110:E110)+L110 -> 0 | N110: =SUM(I110:K110) -> 0 | O110: =SUM(G110:H110) -> 0 | P110: =SUM(M110:O110) -> 0
A111: =مرتبات!A111 -> 0 | B111: =مرتبات!B111 -> Spare | C111: 0 | D111: 0 | E111: 0 | F111: 0 | G111: 0 | H111: 0 | I111: 0 | J111: 0 | K111: 0 | L111: 0 | M111: =SUM(C111:E111)+L111 -> 0 | N111: =SUM(I111:K111) -> 0 | O111: =SUM(G111:H111) -> 0 | P111: =SUM(M111:O111) -> 0
A112: =مرتبات!A112 -> 0 | B112: =مرتبات!B112 -> Spare | C112: 0 | D112: 0 | E112: 0 | F112: 0 | G112: 0 | H112: 0 | I112: 0 | J112: 0 | K112: 0 | L112: 0 | M112: =SUM(C112:E112)+L112 -> 0 | N112: =SUM(I112:K112) -> 0 | O112: =SUM(G112:H112) -> 0 | P112: =SUM(M112:O112) -> 0
A113: =مرتبات!A113 -> 0 | B113: =مرتبات!B113 -> Spare | C113: 0 | D113: 0 | E113: 0 | F113: 0 | G113: 0 | H113: 0 | I113: 0 | J113: 0 | K113: 0 | L113: 0 | M113: =SUM(C113:E113)+L113 -> 0 | N113: =SUM(I113:K113) -> 0 | O113: =SUM(G113:H113) -> 0 | P113: =SUM(M113:O113) -> 0
... A117: =مرتبات!A117 -> 0 | B117: =مرتبات!B117 -> Spare | C117: 0 | D117: 0 | E117: 0 | F117: 0 | G117: 0 | H117: 0 | I117: 0 | J117: 0 | K117: 0 | L117: 0 | M117: =SUM(C117:E117)+L117 -> 0 | N117: =SUM(I117:K117) -> 0 | O117: =SUM(G117:H117) -> 0 | P117: =SUM(M117:O117) -> 0
A118: =مرتبات!A118 -> 6 | B118: المجموع | C118: =SUM(C4:C17)+SUM(C19:C55)+SUM(C57:C100)+SUM(C102:C117) -> 5075 | D118: =SUM(D4:D17)+SUM(D19:D55)+SUM(D57:D100)+SUM(D102:D117) -> 34550 | E118: =SUM(E4:E17)+SUM(E19:E55)+SUM(E57:E100)+SUM(E102:E117) -> 300 | F118: =SUM(F4:F17)+SUM(F19:F55)+SUM(F57:F100)+SUM(F102:F117) -> 0 | G118: =SUM(G4:G17)+SUM(G19:G55)+SUM(G57:G100)+SUM(G102:G117) -> 0 | H118: =SUM(H4:H17)+SUM(H19:H55)+SUM(H57:H100)+SUM(H102:H117) -> 0 | I118: =SUM(I4:I17)+SUM(I19:I55)+SUM(I57:I100)+SUM(I102:I117) -> 67343.2 | J118: =SUM(J4:J17)+SUM(J19:J55)+SUM(J57:J100)+SUM(J102:J117) -> 387856 | ... L118: =SUM(L4:L17)+SUM(L19:L55)+SUM(L57:L100)+SUM(L102:L117) -> 0 | M118: =SUM(C118:E118)+L118 -> 39925 | N118: =SUM(I118:K118) -> 481216.2 | O118: =SUM(G118:H118) -> 0 | P118: =SUM(M118:O118) -> 521141.2

Sheet خصومات
B1: خصومات شهرية
A2: # | B2: شهر مارس 2025 | C2: قيمة التأمين الصحي المخصوم / Deducted Medical Insurance | D2: ضرائب محامين / Laywers Taxs | E2: مسحوبات لبنوك أخرى / Other bank withdrawal | F2: مسحوبات/خصم من المرتب/الاتعاب / Loans or Deductions | G2: خصومات تليفون / Phone Deduction | H2: اجازات غير مدفوعة المرتب / Unpaid Vacation | I2: تأخيرات / Late | J2: خصومات تسجيل ساعات العمل / Time sheet | K2: خصومات اخري/ Other Deductions | L2: اجمالي الخصومات / Total Deductions | M2: ملحوظات
B3: شركاء
A4: =مرتبات!A4 -> 1 | B4: =مرتبات!B4 -> د/هانى صلاح الدين محمد سري الدين | C4: 0 | D4: 0 | E4: 0 | F4: 0 | G4: 0 | H4: 0 | I4: 0 | J4: 0 | K4: 0 | L4: =SUM(C4:K4) -> 0
A5: =مرتبات!A5 -> 2 | B5: =مرتبات!B5 -> أ/أميرة محمد على شريف | C5: 0 | D5: 0 | E5: 0 | F5: 0 | G5: 0 | H5: 0 | I5: 0 | J5: 0 | K5: 0 | L5: =SUM(C5:K5) -> 0
A6: =مرتبات!A6 -> 3 | B6: =مرتبات!B6 -> أ/إيهاب حمدى ابراهيم | C6: 0 | D6: 0 | E6: 0 | F6: 0 | G6: 1314 | H6: 0 | I6: 0 | J6: 0 | K6: 0 | L6: =SUM(C6:K6) -> 1314
A7: =مرتبات!A7 -> 0 | B7: =مرتبات!B7 -> Spare | C7: 0 | D7: 0 | E7: 0 | F7: 0 | G7: 0 | H7: 0 | I7: 0 | J7: 0 | K7: 0 | L7: =SUM(C7:K7) -> 0
A8: =مرتبات!A8 -> 0 | B8: =مرتبات!B8 -> Spare | C8: 0 | D8: 0 | E8: 0 | F8: 0 | G8: 0 | H8: 0 | I8: 0 | J8: 0 | K8: 0 | L8: =SUM(C8:K8) -> 0
A9: =مرتبات!A9 -> 0 | B9: =مرتبات!B9 -> Spare | C9: 0 | D9: 0 | E9: 0 | F9: 0 | G9: 0 | H9: 0 | I9: 0 | J9: 0 | K9: 0 | L9: =SUM(C9:K9) -> 0
A10: =مرتبات!A10 -> 0 | B10: =مرتبات!B10 -> Spare | C10: 0 | D10: 0 | E10: 0 | F10: 0 | G10: 0 | H10: 0 | I10: 0 | J10: 0 | K10: 0 | L10: =SUM(C10:K10) -> 0
A11: =مرتبات!A11 -> 0 | B11: =مرتبات!B11 -> Spare | C11: 0 | D11: 0 | E11: 0 | F11: 0 | G11: 0 | H11: 0 | I11: 0 | J11: 0 | K11: 0 | L11: =SUM(C11:K11) -> 0
A12: =مرتبات!A12 -> 0 | B12: =مرتبات!B12 -> Spare | C12: 0 | D12: 0 | E12: 0 | F12: 0 | G12: 0 | H12: 0 | I12: 0 | J12: 0 | K12: 0 | L12: =SUM(C12:K12) -> 0
A13: =مرتبات!A13 -> 0 | B13: =مرتبات!B13 -> Spare | C13: 0 | D13: 0 | E13: 0 | F13: 0 | G13: 0 | H13: 0 | I13: 0 | J13: 0 | K13: 0 | L13: =SUM(C13:K13) -> 0
A14: =مرتبات!A14 -> 0 | B14: =مرتبات!B14 -> Spare | C14: 0 | D14: 0 | E14: 0 | F14: 0 | G14: 0 | H14: 0 | I14: 0 | J14: 0 | K14: 0 | L14: =SUM(C14:K14) -> 0
A15: =مرتبات!A15 -> 0 | B15: =مرتبات!B15 -> Spare | C15: 0 | D15: 0 | E15: 0 | F15: 0 | G15: 0 | H15: 0 | I15: 0 | J15: 0 | K15: 0 | L15: =SUM(C15:K15) -> 0
... A17: =مرتبات!A17 -> 0 | B17: =مرتبات!B17 -> Spare | C17: 0 | D17: 0 | E17: 0 | F17: 0 | G17: 0 | H17: 0 | I17: 0 | J17: 0 | K17: 0 | L17: =SUM(C17:K17) -> 0
A18: =مرتبات!A18 -> 3 | B18: محامين
A19: =مرتبات!A19 -> 1 | B19: =مرتبات!B19 -> أ/ناجى رمضان أمين محمد | C19: 2219 | D19: 0 | E19: 0 | F19: 0 | G19: 0 | H19: 0 | I19: 0 | J19: 0 | K19: 0 | L19: =SUM(C19:K19) -> 2219 | M19: Wife insurance 3/6
A20: =مرتبات!A20 -> 2 | B20: =مرتبات!B20 -> أ/محمد عبد العزيز عبدالحافظ | C20: 0 | D20: 0 | E20: 0 | F20: 0 | G20: 93 | H20: 0 | I20: 0 | J20: 50 | K20: 0 | L20: =SUM(C20:K20) -> 143
A21: =مرتبات!A21 -> 3 | B21: =مرتبات!B21 -> أ/ أحمد سعيد أحمد محمد علي | C21: 0 | D21: 0 | E21: 0 | F21: 0 | G21: 0 | H21: 0 | I21: 0 | J21: 50 | K21: 0 | L21: =SUM(C21:K21) -> 50
A22: =مرتبات!A22 -> 4 | B22: =مرتبات!B22 -> أ/منة الله البلتاجى | C22: 1027 | D22: 0 | E22: 0 | F22: 0 | G22: 0 | H22: 3000 | I22: 3000 | J22: 0 | K22: 0 | L22: =SUM(C22:K22) -> 7027 | M22: Daughter medical 3/3
A23: =مرتبات!A23 -> 5 | B23: =مرتبات!B23 -> أ/نهى عمرو محمد رضوان | C23: 0 | D23: 0 | E23: 0 | F23: 0 | G23: 0 | H23: 0 | I23: 0 | J23: 0 | K23: 0 | L23: =SUM(C23:K23) -> 0
A24: =مرتبات!A24 -> 6 | B24: =مرتبات!B24 -> أ/عبد الله عمرو حافظ | C24: 0 | D24: 0 | E24: 0 | F24: 0 | G24: 0 | H24: 0 | I24: 0 | J24: 0 | K24: 0 | L24: =SUM(C24:K24) -> 0
A25: =مرتبات!A25 -> 7 | B25: =مرتبات!B25 -> أ/محمد حمدى كامل | C25: 0 | D25: 0 | E25: 0 | F25: 0 | G25: 480 | H25: 0 | I25: 0 | J25: 200 | L25: =SUM(C25:K25) -> 680
A26: =مرتبات!A26 -> 0 | B26: =مرتبات!B26 -> Spare | C26: 0 | D26: 0 | E26: 0 | F26: 0 | G26: 0 | H26: 0 | I26: 0 | J26: 0 | K26: 0 | L26: =SUM(C26:K26) -> 0
A27: =مرتبات!A27 -> 0 | B27: =مرتبات!B27 -> Spare | C27: 0 | D27: 0 | E27: 0 | F27: 0 | G27: 0 | H27: 0 | I27: 0 | J27: 0 | K27: 0 | L27: =SUM(C27:K27) -> 0
A28: =مرتبات!A28 -> 0 | B28: =مرتبات!B28 -> Spare | C28: 0 | D28: 0 | E28: 0 | F28: 0 | G28: 0 | H28: 0 | I28: 0 | J28: 0 | K28: 0 | L28: =SUM(C28:K28) -> 0
A29: =مرتبات!A29 -> 0 | B29: =مرتبات!B29 -> Spare | C29: 0 | D29: 0 | E29: 0 | F29: 0 | G29: 0 | H29: 0 | I29: 0 | J29: 0 | K29: 0 | L29: =SUM(C29:K29) -> 0
A30: =مرتبات!A30 -> 0 | B30: =مرتبات!B30 -> Spare | C30: 0 | D30: 0 | E30: 0 | F30: 0 | G30: 0 | H30: 0 | I30: 0 | J30: 0 | K30: 0 | L30: =SUM(C30:K30) -> 0
A31: =مرتبات!A31 -> 0 | B31: =مرتبات!B31 -> Spare | C31: 0 | D31: 0 | E31: 0 | F31: 0 | G31: 0 | H31: 0 | I31: 0 | J31: 0 | K31: 0 | L31: =SUM(C31:K31) -> 0
A32: =مرتبات!A32 -> 0 | B32: =مرتبات!B32 -> Spare | C32: 0 | D32: 0 | E32: 0 | F32: 0 | G32: 0 | H32: 0 | I32: 0 | J32: 0 | K32: 0 | L32: =SUM(C32:K32) -> 0
A33: =مرتبات!A33 -> 8 | B33: =مرتبات!B33 -> أ/أحمد سيف الدين أبو بكر سري الدين | C33: 0 | D33: 0 | E33: 0 | F33: 0 | G33: 0 | H33: 0 | I33: 0 | J33: 50 | K33: 0 | L33: =SUM(C33:K33) -> 50
A34: =مرتبات!A34 -> 9 | B34: =مرتبات!B34 -> أ/هاني أحمد الدالي | C34: 0 | D34: 0 | E34: 0 | F34: 0 | G34: 0 | H34: 483 | I34: 0 | J34: 0 | K34: 0 | L34: =SUM(C34:K34) -> 483
A35: =مرتبات!A35 -> 10 | B35: =مرتبات!B35 -> أ/عبدالرحمن أحمد عبدالعزيز حسن | C35: 0 | D35: 0 | E35: 0 | F35: 0 | G35: 0 | H35: 0 | I35: 0 | J35: 0 | K35: 0 | L35: =SUM(C35:K35) -> 0
A36: =مرتبات!A36 -> 0 | B36: =مرتبات!B36 -> Spare | C36: 0 | D36: 0 | E36: 0 | F36: 0 | G36: 0 | H36: 0 | I36: 0 | J36: 0 | K36: 0 | L36: =SUM(C36:K36) -> 0
A37: =مرتبات!A37 -> 0 | B37: =مرتبات!B37 -> Spare | C37: 0 | D37: 0 | E37: 0 | F37: 0 | G37: 0 | H37: 0 | I37: 0 | J37: 0 | K37: 0 | L37: =SUM(C37:K37) -> 0
... A44: =مرتبات!A44 -> 0 | B44: =مرتبات!B44 -> Spare | C44: 0 | D44: 0 | E44: 0 | F44: 0 | G44: 0 | H44: 0 | I44: 0 | J44: 0 | K44: 0 | L44: =SUM(C44:K44) -> 0
A45: =مرتبات!A45 -> 11 | B45: =مرتبات!B45 -> أ/حبيبة محمود سمير محمود عيسى | C45: 0 | D45: 0 | E45: 0 | F45: 0 | G45: 0 | H45: 0 | I45: 366 | J45: 0 | K45: 1750 | L45: =SUM(C45:K45) -> 2116 | M45: Tax card Issue- 18 Months
A46: =مرتبات!A46 -> 12 | B46: =مرتبات!B46 -> أ/احمد ابو العباس محمد الاتربي | C46: 0 | D46: 0 | E46: 0 | F46: 0 | G46: 0 | H46: 0 | I46: 0 | J46: 0 | K46: 0 | L46: =SUM(C46:K46) -> 0
A47: =مرتبات!A47 -> 13 | B47: =مرتبات!B47 -> أ/ليلي امين محمد امين طموم | C47: 0 | D47: 0 | E47: 0 | F47: 0 | G47: 0 | H47: 0 | I47: 0 | J47: 0 | K47: 0 | L47: =SUM(C47:K47) -> 0
A48: =مرتبات!A48 -> 14 | B48: =مرتبات!B48 -> أ/كريم ايمن محمد عادل | C48: 0 | D48: 0 | E48: 0 | F48: 0 | G48: 0 | H48: 0 | I48: 600 | J48: 100 | K48: 0 | L48: =SUM(C48:K48) -> 700 | M48: 1.5 day unpaid excessive lateness
A49: =مرتبات!A49 -> 0 | B49: =مرتبات!B49 -> Spare | C49: 0 | D49: 0 | E49: 0 | F49: 0 | G49: 0 | H49: 0 | I49: 0 | J49: 0 | K49: 0 | L49: =SUM(C49:K49) -> 0
A50: =مرتبات!A50 -> 0 | B50: =مرتبات!B50 -> Spare | C50: 0 | D50: 0 | E50: 0 | F50: 0 | G50: 0 | H50: 0 | I50: 0 | J50: 0 | K50: 0 | L50: =SUM(C50:K50) -> 0
A51: =مرتبات!A51 -> 0 | B51: =مرتبات!B51 -> Spare | C51: 0 | D51: 0 | E51: 0 | F51: 0 | G51: 0 | H51: 0 | I51: 0 | J51: 0 | K51: 0 | L51: =SUM(C51:K51) -> 0
A52: =مرتبات!A52 -> 0 | B52: =مرتبات!B52 -> Spare | C52: 0 | D52: 0 | E52: 0 | F52: 0 | G52: 0 | H52: 0 | I52: 0 | J52: 0 | K52: 0 | L52: =SUM(C52:K52) -> 0
A53: =مرتبات!A53 -> 0 | B53: =مرتبات!B53 -> Spare | C53: 0 | D53: 0 | E53: 0 | F53: 0 | G53: 0 | H53: 0 | I53: 0 | J53: 0 | K53: 0 | L53: =SUM(C53:K53) -> 0
A54: =مرتبات!A54 -> 0 | B54: =مرتبات!B54 -> Spare | C54: 0 | D54: 0 | E54: 0 | F54: 0 | G54: 0 | H54: 0 | I54: 0 | J54: 0 | K54: 0 | L54: =SUM(C54:K54) -> 0
A55: =مرتبات!A55 -> 0 | B55: =مرتبات!B55 -> Spare | C55: 0 | D55: 0 | E55: 0 | F55: 0 | G55: 0 | H55: 0 | I55: 0 | J55: 0 | K55: 0 | L55: =SUM(C55:K55) -> 0
A56: =مرتبات!A56 -> 14 | B56: عاملين
A57: =مرتبات!A57 -> 1 | B57: =مرتبات!B57 -> أ/دعاء عبد الدايم إبراهيم نصار | C57: 0 | D57: 0 | E57: 0 | F57: 0 | G57: 0 | H57: 0 | I57: 0 | J57: 0 | K57: 0 | L57: =SUM(C57:K57) -> 0 | M57: 3/3 son Medical -from Allowance (1,028)
A58: =مرتبات!A58 -> 2 | B58: =مرتبات!B58 -> أ/أحمد محمد رزق | C58: 0 | D58: 0 | E58: 0 | F58: 0 | G58: 0 | H58: 0 | I58: 0 | J58: 0 | K58: 0 | L58: =SUM(C58:K58) -> 0 | M58: 3/8 Medical Four family members from Allowance (2,033)
A59: =مرتبات!A59 -> 0 | B59: =مرتبات!B59 -> Manager Spare | C59: 0 | D59: 0 | E59: 0 | F59: 0 | G59: 0 | H59: 0 | I59: 0 | J59: 0 | K59: 0 | L59: =SUM(C59:K59) -> 0
A60: =مرتبات!A60 -> 0 | B60: =مرتبات!B60 -> Manager Spare | C60: 0 | D60: 0 | E60: 0 | F60: 0 | G60: 0 | H60: 0 | I60: 0 | J60: 0 | K60: 0 | L60: =SUM(C60:K60) -> 0
A61: =مرتبات!A61 -> 0 | B61: =مرتبات!B61 -> Manager Spare | C61: 0 | D61: 0 | E61: 0 | F61: 0 | G61: 0 | H61: 0 | I61: 0 | J61: 0 | K61: 0 | L61: =SUM(C61:K61) -> 0
A62: =مرتبات!A62 -> 3 | B62: =مرتبات!B62 -> أ/خالد محمد حلمى | C62: 634.5 | D62: 0 | E62: 0 | F62: 0 | G62: 0 | H62: 0 | I62: 0 | J62: 0 | K62: 0 | L62: =SUM(C62:K62) -> 634.5 | M62: Wife insurance 3/12
A63: =مرتبات!A63 -> 4 | B63: =مرتبات!B63 -> أ/ نيرمين عصمت محمد حجازي | C63: 0 | D63: 0 | E63: 0 | F63: 0 | G63: 0 | H63: 0 | I63: 0 | J63: 0 | K63: 0 | L63: =SUM(C63:K63) -> 0
A64: =مرتبات!A64 -> 0 | B64: =مرتبات!B64 -> Senior Spare | C64: 0 | D64: 0 | E64: 0 | F64: 0 | G64: 0 | H64: 0 | I64: 0 | J64: 0 | K64: 0 | L64: =SUM(C64:K64) -> 0
A65: =مرتبات!A65 -> 0 | B65: =مرتبات!B65 -> Senior Spare | C65: 0 | D65: 0 | E65: 0 | F65: 0 | G65: 0 | H65: 0 | I65: 0 | J65: 0 | K65: 0 | L65: =SUM(C65:K65) -> 0
A66: =مرتبات!A66 -> 0 | B66: =مرتبات!B66 -> Senior Spare | C66: 0 | D66: 0 | E66: 0 | F66: 0 | G66: 0 | H66: 0 | I66: 0 | J66: 0 | K66: 0 | L66: =SUM(C66:K66) -> 0
A67: =مرتبات!A67 -> 0 | B67: =مرتبات!B67 -> Senior Spare | C67: 0 | D67: 0 | E67: 0 | F67: 0 | G67: 0 | H67: 0 | I67: 0 | J67: 0 | K67: 0 | L67: =SUM(C67:K67) -> 0
A68: =مرتبات!A68 -> 5 | B68: =مرتبات!B68 -> أ/مروة شريف عبدالحميد سلامة | C68: 0 | D68: 0 | E68: 0 | F68: 0 | G68: 0 | H68: 0 | I68: 0 | J68: 0 | K68: 0 | L68: =SUM(C68:K68) -> 0
A69: =مرتبات!A69 -> 6 | B69: =مرتبات!B69 -> أ/حازم ابراهيم عبد الحميد محمد فتاتة | C69: 0 | D69: 0 | E69: 0 | F69: 0 | G69: 0 | H69: 0 | I69: 0 | J69: 0 | K69: 0 | L69: =SUM(C69:K69) -> 0
A70: =مرتبات!A70 -> 7 | B70: =مرتبات!B70 -> أ/أحمد سمير حسن السيد | C70: 634 | D70: 0 | E70: 0 | F70: 0 | G70: 0 | H70: 0 | I70: 0 | J70: 0 | K70: 0 | L70: =SUM(C70:K70) -> 634 | M70: Wife insurance 3/12
A71: =مرتبات!A71 -> 8 | B71: =مرتبات!B71 -> أ/إيمان صبحى شكرى | C71: 0 | D71: 0 | E71: 0 | F71: 0 | G71: 0 | H71: 0 | I71: 0 | J71: 0 | K71: 0 | L71: =SUM(C71:K71) -> 0
A72: =مرتبات!A72 -> 9 | B72: =مرتبات!B72 -> أ/شريف شكرى محمد | C72: 1286 | D72: 0 | E72: 0 | F72: 0 | G72: 0 | H72: 0 | I72: 0 | J72: 0 | K72: 0 | L72: =SUM(C72:K72) -> 1286 | M72: Wife insurance 3/12
A73: =مرتبات!A73 -> 10 | B73: =مرتبات!B73 -> أ/محمد حسن محمد كامل | C73: 0 | D73: 0 | E73: 0 | F73: 0 | G73: 0 | H73: 0 | I73: 0 | J73: 0 | K73: 0 | L73: =SUM(C73:K73) -> 0
A74: =مرتبات!A74 -> 11 | B74: =مرتبات!B74 -> أ/سامي ابراهيم محمد | C74: 0 | D74: 0 | E74: 0 | F74: 0 | G74: 0 | H74: 0 | I74: 0 | J74: 0 | K74: 0 | L74: =SUM(C74:K74) -> 0
A75: =مرتبات!A75 -> 12 | B75: =مرتبات!B75 -> أ/محمود على محمود حسين | C75: 0 | D75: 0 | E75: 0 | F75: 0 | G75: 0 | H75: 0 | I75: 0 | J75: 0 | K75: 0 | L75: =SUM(C75:K75) -> 0
A76: =مرتبات!A76 -> 13 | B76: =مرتبات!B76 -> أ/عمرو عبد الكريم صقر | C76: 0 | D76: 0 | E76: 0 | F76: 0 | G76: 0 | H76: 0 | I76: 0 | J76: 0 | K76: 0 | L76: =SUM(C76:K76) -> 0
A77: =مرتبات!A77 -> 14 | B77: =مرتبات!B77 -> أ/مختار احمد المجدلي | C77: 0 | D77: 0 | E77: 0 | F77: 0 | G77: 0 | H77: 0 | I77: 0 | J77: 0 | K77: 0 | L77: =SUM(C77:K77) -> 0
A78: =مرتبات!A78 -> 15 | B78: =مرتبات!B78 -> أ/طارق محمد جمعه | C78: 0 | D78: 0 | E78: 0 | F78: 0 | G78: 0 | H78: 0 | I78: 0 | J78: 0 | K78: 0 | L78: =SUM(C78:K78) -> 0
A79: =مرتبات!A79 -> 16 | B79: =مرتبات!B79 -> أ/ أحمد محمد عبدالسلام | C79: 0 | D79: 0 | E79: 0 | F79: 0 | G79: 0 | H79: 366 | I79: 0 | J79: 0 | K79: 0 | L79: =SUM(C79:K79) -> 366 | M79: 45728
A80: =مرتبات!A80 -> 0 | B80: =مرتبات!B80 -> 0 | C80: 0 | D80: 0 | E80: 0 | F80: 0 | G80: 667 | H80: 0 | I80: 0 | J80: 0 | K80: 0 | L80: =SUM(C80:K80) -> 667
A81: =مرتبات!A81 -> 17 | B81: =مرتبات!B81 -> أ/محمد عبدالجواد محمد | C81: 0 | D81: 0 | E81: 0 | F81: 0 | G81: 0 | H81: 0 | I81: 0 | J81: 0 | K81: 0 | L81: =SUM(C81:K81) -> 0
A82: =مرتبات!A82 -> 18 | B82: =مرتبات!B82 -> أ/ منة الله محب عبدالغفار السيد | C82: 0 | D82: 0 | E82: 0 | F82: 0 | G82: 0 | H82: 0 | I82: 0 | J82: 0 | K82: 0 | L82: =SUM(C82:K82) -> 0
A83: =مرتبات!A83 -> 19 | B83: =مرتبات!B83 -> أ/عاصم محمد سعيد عبده | C83: 0 | D83: 0 | E83: 0 | F83: 0 | G83: 0 | H83: 0 | I83: 0 | J83: 0 | K83: 0 | L83: =SUM(C83:K83) -> 0
A84: =مرتبات!A84 -> 20 | B84: =مرتبات!B84 -> أ/ نجوى إبراهيم محمود غنيم | C84: 0 | D84: 0 | E84: 0 | F84: 0 | G84: 0 | H84: 0 | I84: 0 | J84: 0 | K84: 0 | L84: =SUM(C84:K84) -> 0
A85: =مرتبات!A85 -> 0 | B85: =مرتبات!B85 -> Spare | C85: 0 | D85: 0 | E85: 0 | F85: 0 | G85: 0 | H85: 0 | I85: 0 | J85: 0 | K85: 0 | L85: =SUM(C85:K85) -> 0
A86: =مرتبات!A86 -> 0 | B86: =مرتبات!B86 -> Spare | C86: 0 | D86: 0 | E86: 0 | F86: 0 | G86: 0 | H86: 0 | I86: 0 | J86: 0 | K86: 0 | L86: =SUM(C86:K86) -> 0
A87: =مرتبات!A87 -> 0 | B87: =مرتبات!B87 -> Spare | C87: 0 | D87: 0 | E87: 0 | F87: 0 | G87: 0 | H87: 0 | I87: 0 | J87: 0 | K87: 0 | L87: =SUM(C87:K87) -> 0
A88: =مرتبات!A88 -> 0 | B88: =مرتبات!B88 -> Spare | C88: 0 | D88: 0 | E88: 0 | F88: 0 | G88: 0 | H88: 0 | I88: 0 | J88: 0 | K88: 0 | L88: =SUM(C88:K88) -> 0
A89: =مرتبات!A89 -> 0 | B89: =مرتبات!B89 -> Spare | C89: 0 | D89: 0 | E89: 0 | F89: 0 | G89: 0 | H89: 0 | I89: 0 | J89: 0 | K89: 0 | L89: =SUM(C89:K89) -> 0
A90: =مرتبات!A90 -> 0 | B90: =مرتبات!B90 -> Spare | C90: 0 | D90: 0 | E90: 0 | F90: 0 | G90: 0 | H90: 0 | I90: 0 | J90: 0 | K90: 0 | L90: =SUM(C90:K90) -> 0
A91: =مرتبات!A91 -> 0 | B91: =مرتبات!B91 -> Spare | C91: 0 | D91: 0 | E91: 0 | F91: 0 | G91: 0 | H91: 0 | I91: 0 | J91: 0 | K91: 0 | L91: =SUM(C91:K91) -> 0
... A100: =مرتبات!A100 -> 0 | B100: =مرتبات!B100 -> Spare | C100: 0 | D100: 0 | E100: 0 | F100: 0 | G100: 0 | H100: 0 | I100: 0 | J100: 0 | K100: 0 | L100: =SUM(C100:K100) -> 0
A101: =مرتبات!A101 -> 20 | B101: مستشارين
A102: =مرتبات!A102 -> 1 | B102: =مرتبات!B102 -> أ/هالة فوزي | C102: 0 | D102: 0 | E102: 0 | F102: 0 | G102: 0 | H102: 0 | I102: 0 | J102: 0 | K102: 0 | L102: =SUM(C102:K102) -> 0
A103: =مرتبات!A103 -> 2 | B103: =مرتبات!B103 -> د/أمجد سعيد | C103: 0 | D103: 0 | E103: 0 | F103: 0 | G103: 0 | H103: 0 | I103: 0 | J103: 0 | K103: 0 | L103: =SUM(C103:K103) -> 0
A104: =مرتبات!A104 -> 3 | B104: =مرتبات!B104 -> د/وليد رزق | C104: 0 | D104: 0 | E104: 0 | F104: 0 | G104: 0 | H104: 0 | I104: 0 | J104: 0 | K104: 0 | L104: =SUM(C104:K104) -> 0
A105: =مرتبات!A105 -> 4 | B105: =مرتبات!B105 -> د/أمينة العطيفي | C105: 0 | D105: 0 | E105: 0 | F105: 0 | G105: 0 | H105: 0 | I105: 0 | J105: 0 | K105: 0 | L105: =SUM(C105:K105) -> 0
A106: =مرتبات!A106 -> 5 | B106: =مرتبات!B106 -> أ/ محمد فاروق عبد الحليم | C106: 0 | D106: 0 | E106: 0 | F106: 0 | G106: 0 | H106: 0 | I106: 0 | J106: 0 | K106: 0 | L106: =SUM(C106:K106) -> 0
A107: =مرتبات!A107 -> 6 | B107: =مرتبات!B107 -> د/ أحمد بغدادي رشدي محمد | C107: 0 | D107: 0 | E107: 0 | F107: 0 | G107: 0 | H107: 0 | I107: 0 | J107: 0 | K107: 0 | L107: =SUM(C107:K107) -> 0
A108: =مرتبات!A108 -> 0 | B108: =مرتبات!B108 -> Spare | C108: 0 | D108: 0 | E108: 0 | F108: 0 | G108: 0 | H108: 0 | I108: 0 | J108: 0 | K108: 0 | L108: =SUM(C108:K108) -> 0
A109: =مرتبات!A109 -> 0 | B109: =مرتبات!B109 -> Spare | C109: 0 | D109: 0 | E109: 0 | F109: 0 | G109: 0 | H109: 0 | I109: 0 | J109: 0 | K109: 0 | L109: =SUM(C109:K109) -> 0
A110: =مرتبات!A110 -> 0 | B110: =مرتبات!B110 -> Spare | C110: 0 | D110: 0 | E110: 0 | F110: 0 | G110: 0 | H110: 0 | I110: 0 | J110: 0 | K110: 0 | L110: =SUM(C110:K110) -> 0
A111: =مرتبات!A111 -> 0 | B111: =مرتبات!B111 -> Spare | C111: 0 | D111: 0 | E111: 0 | F111: 0 | G111: 0 | H111: 0 | I111: 0 | J111: 0 | K111: 0 | L111: =SUM(C111:K111) -> 0
A112: =مرتبات!A112 -> 0 | B112: =مرتبات!B112 -> Spare | C112: 0 | D112: 0 | E112: 0 | F112: 0 | G112: 0 | H112: 0 | I112: 0 | J112: 0 | K112: 0 | L112: =SUM(C112:K112) -> 0
A113: =مرتبات!A113 -> 0 | B113: =مرتبات!B113 -> Spare | C113: 0 | D113: 0 | E113: 0 | F113: 0 | G113: 0 | H113: 0 | I113: 0 | J113: 0 | K113: 0 | L113: =SUM(C113:K113) -> 0
... A117: =مرتبات!A117 -> 0 | B117: =مرتبات!B117 -> Spare | C117: 0 | D117: 0 | E117: 0 | F117: 0 | G117: 0 | H117: 0 | I117: 0 | J117: 0 | K117: 0 | L117: =SUM(C117:K117) -> 0
A118: =مرتبات!A118 -> 6 | B118: مجموع | C118: =SUM(C4:C17)+SUM(C19:C55)+SUM(C57:C100)+SUM(C102:C117) -> 5800.5 | D118: =SUM(D4:D17)+SUM(D19:D55)+SUM(D57:D100)+SUM(D102:D117) -> 0 | E118: =SUM(E4:E17)+SUM(E19:E55)+SUM(E57:E100)+SUM(E102:E117) -> 0 | F118: =SUM(F4:F17)+SUM(F19:F55)+SUM(F57:F100)+SUM(F102:F117) -> 0 | G118: =SUM(G4:G17)+SUM(G19:G55)+SUM(G57:G100)+SUM(G102:G117) -> 2554 | H118: =SUM(H4:H17)+SUM(H19:H55)+SUM(H57:H100)+SUM(H102:H117) -> 3849 | I118: =SUM(I4:I17)+SUM(I19:I55)+SUM(I57:I100)+SUM(I102:I117) -> 3966 | J118: =SUM(J4:J17)+SUM(J19:J55)+SUM(J57:J100)+SUM(J102:J117) -> 450 | K118: =SUM(K4:K17)+SUM(K19:K55)+SUM(K57:K100)+SUM(K102:K117) -> 1750 | L118: =SUM(C118:K118) -> 18369.5
...

Sheet Pay Clip (AR)
H3: Row
C4: الإسم | D4: =INDEX(مرتبات!B1:B1066,H4,1) -> أ/ناجى رمضان أمين محمد | E4: الشهر | F4: =مرتبات!D2 -> 45717 | H4: 19
C5: اتعاب/ راتب | D5: =SUM((INDEX(مرتبات!D1:D1066,H4,1)),VALUE((INDEX(مرتبات!G1:G1066,H4,1)))) -> 46300
C6: مزايا مخصومة من إجمالي المرتب / اتعاب شهرية | E6: خصومات
C7: بدلات تليفون | D7: =INDEX(اضافات!C1:C1069,H4,1) -> 0 | E7: قيمة التأمين الصحي المخصوم | F7: =INDEX(خصومات!C1:C1069,H4,1) -> 2219
C8: بدلات انتقال | D8: =INDEX(اضافات!D1:D1069,H4,1) -> 0 | E8: مسحوبات لبنوك أخرى | F8: =INDEX(خصومات!E1:E1070,H4,1) -> 0
C9: بدلات سكن | D9: =INDEX(اضافات!E1:E1069,H4,1) -> 0 | E9: مسحوبات/خصم من المرتب/الاتعاب | F9: =INDEX(خصومات!F1:F1071,H4,1) -> 0
C10: بدلات اخري | D10: =INDEX(اضافات!L1:L1069,H4,1) -> 0 | E10: تأخيرات | F10: =INDEX(خصومات!I1:I1072,H4,1) -> 0
C11: ضرائب إداريين/محامين | D11: =INDEX(اضافات!J1:J1069,H4,1) -> 10126 | E11: اجازات غير مدفوعة المرتب | F11: =INDEX(خصومات!H1:H1073,H4,1) -> 0
C12: قيمة التأمين الإجتماعي الممنوح | D12: =INDEX(اضافات!I1:I1069,H4,1) -> 0 | E12: ضرائب محامين | F12: =INDEX(خصومات!D1:D1074,H4,1) -> 0
C13: قيمة التأمين الصحي الممنوح | D13: =INDEX(اضافات!K1:K1069,H4,1) -> 1195 | E13: خصومات تليفون | F13: =INDEX(خصومات!G1:G1075,H4,1) -> 0
E14: خصومات تسجيل ساعات العمل | F14: =INDEX(خصومات!J1:J1076,H4,1) -> 0
E15: خصومات اخري | F15: =INDEX(خصومات!K1:K1077,H4,1) -> 0
C16: الإجمالي بالخصم والإضافة | D16: =D5+D7+D8+D9+D10+D11+D12+D13 -> 57621
C17: إضافات على المرتب | D17: =SUM(D7:D15) -> 11321
C18: بدلات | D18: =(SUM(F7:F15)) -> 2219
C19: الصافي بعد الخصم والإضافة | D19: =D16-D17-D18 -> 44081

Sheet Pay Clip (EN)
H3: Row
C4: Name | D4: =INDEX(مرتبات!B1:B1066,H4,1) -> أ/ناجى رمضان أمين محمد | E4: Month | F4: =مرتبات!D2 -> 45717 | H4: 19
C5: Salary\ Fees | D5: =SUM((INDEX(مرتبات!D1:D1066,H4,1)),VALUE((INDEX(مرتبات!G1:G1066,H4,1)))) -> 46300
C6: Benefits deducted from the total Monthly Salary/Fees | E6: Deductions
C7: Phone Allowance | D7: =INDEX(اضافات!C1:C1069,H4,1) -> 0 | E7: Deducted Medical Insurance | F7: =INDEX(خصومات!C1:C1069,H4,1) -> 2219
C8: Transportation Allowance | D8: =INDEX(اضافات!D1:D1069,H4,1) -> 0 | E8: Other bank withdrawal | F8: =INDEX(خصومات!E1:E1070,H4,1) -> 0
C9: Accommodation Allowance | D9: =INDEX(اضافات!E1:E1069,H4,1) -> 0 | E9: Loans or Deductions | F9: =INDEX(خصومات!F1:F1071,H4,1) -> 0
C10: Other Allowance | D10: =INDEX(اضافات!L1:L1069,H4,1) -> 0 | E10: Late Deduction | F10: =INDEX(خصومات!I1:I1072,H4,1) -> 0
C11: Taxs | D11: =INDEX(اضافات!J1:J1069,H4,1) -> 10126 | E11: Unpaid Vacation | F11: =INDEX(خصومات!H1:H1073,H4,1) -> 0
C12: Given Social Insurance | D12: =INDEX(اضافات!I1:I1069,H4,1) -> 0 | E12: Lawyer Tax | F12: =INDEX(خصومات!D1:D1074,H4,1) -> 0
C13: Given Medical Insurance | D13: =INDEX(اضافات!K1:K1069,H4,1) -> 1195 | E13: Phone Deduction | F13: =INDEX(خصومات!G1:G1075,H4,1) -> 0
E14: Time sheet Deduction | F14: =INDEX(خصومات!J1:J1076,H4,1) -> 0
E15: Other Deductions | F15: =INDEX(خصومات!K1:K1077,H4,1) -> 0
C16: Gross | D16: =D5+D7+D8+D9+D10+D11+D12+D13 -> 57621
C17: Additions and Allowances | D17: =SUM(D7:D15) -> 11321
C18: Deductions | D18: =(SUM(F7:F15)) -> 2219
C19: NET | D19: =D16-D17-D18 -> 44081
